Monthly Collection Key,Property Name,Month,Year,Final Scheduled Rent,Final Rent Collected,Final Delinquency,Percentage of Rent Paid,Date Created,Date Modified,Last Modified By,Month - Year,Record ID#,Record Owner,Related Property,xMonthlyCollectionKey,xMonthYear,Year Order,Term Order,Property - Live
2: December - 2020,1047 Commonwealth Avenue,December,2020,$0,$0,,,12-01-2020 03:44 PM,12-01-2020 03:46 PM,Bailey Tech Group QB <61083822.deca>,December - 2020,2,Bailey Tech Group QB <61083822.deca>,2,2: September - 2024,September - 2024,12,4,no
2: January - 2020,1047 Commonwealth Avenue,January,2020,"$425,374.3","$425,374.3",,100%,12-01-2020 03:54 PM,12-06-2020 09:37 PM,Bailey Tech Group QB <61083822.deca>,January - 2020,20,Bailey Tech Group QB <61083822.deca>,2,2: September - 2024,September - 2024,1,5,no
2: February - 2020,1047 Commonwealth Avenue,February,2020,"$425,374.3","$425,374.3",,100%,12-01-2020 04:00 PM,12-06-2020 09:37 PM,Bailey Tech Group QB <61083822.deca>,February - 2020,38,Bailey Tech Group QB <61083822.deca>,2,2: September - 2024,September - 2024,2,6,no
2: March - 2020,1047 Commonwealth Avenue,March,2020,"$425,374.3","$425,374.3",,100%,12-01-2020 04:03 PM,12-06-2020 09:37 PM,Bailey Tech Group QB <61083822.deca>,March - 2020,56,Bailey Tech Group QB <61083822.deca>,2,2: September - 2024,September - 2024,3,7,no
2: April - 2020,1047 Commonwealth Avenue,April,2020,"$425,374.3","$425,374.3",,100%,12-01-2020 04:05 PM,12-06-2020 09:37 PM,Bailey Tech Group QB <61083822.deca>,April - 2020,74,Bailey Tech Group QB <61083822.deca>,2,2: September - 2024,September - 2024,4,8,no
2: May - 2020,1047 Commonwealth Avenue,May,2020,"$425,374.3","$425,374.3",,100%,12-01-2020 04:21 PM,12-06-2020 09:37 PM,Bailey Tech Group QB <61083822.deca>,May - 2020,92,Bailey Tech Group QB <61083822.deca>,2,2: September - 2024,September - 2024,5,9,no
2: June - 2020,1047 Commonwealth Avenue,June,2020,$0,$0,,,12-01-2020 04:24 PM,12-06-2020 09:37 PM,Bailey Tech Group QB <61083822.deca>,June - 2020,110,Bailey Tech Group QB <61083822.deca>,2,2: September - 2024,September - 2024,6,10,no
2: July - 2020,1047 Commonwealth Avenue,July,2020,$0,$0,,,12-01-2020 04:26 PM,12-06-2020 09:37 PM,Bailey Tech Group QB <61083822.deca>,July - 2020,128,Bailey Tech Group QB <61083822.deca>,2,2: September - 2024,September - 2024,7,11,no
2: August - 2020,1047 Commonwealth Avenue,August,2020,$0,$0,,,12-01-2020 04:28 PM,12-06-2020 09:37 PM,Bailey Tech Group QB <61083822.deca>,August - 2020,146,Bailey Tech Group QB <61083822.deca>,2,2: September - 2024,September - 2024,8,12,no
2: September - 2020,1047 Commonwealth Avenue,September,2020,$0,$0,,,12-01-2020 04:31 PM,12-06-2020 09:37 PM,Bailey Tech Group QB <61083822.deca>,September - 2020,164,Bailey Tech Group QB <61083822.deca>,2,2: September - 2024,September - 2024,9,1,no
2: October - 2020,1047 Commonwealth Avenue,October,2020,$0,$0,,,12-01-2020 04:34 PM,12-06-2020 09:37 PM,Bailey Tech Group QB <61083822.deca>,October - 2020,182,Bailey Tech Group QB <61083822.deca>,2,2: September - 2024,September - 2024,10,2,no
2: November - 2020,1047 Commonwealth Avenue,November,2020,$0,$0,,,12-01-2020 04:36 PM,12-01-2020 04:36 PM,Bailey Tech Group QB <61083822.deca>,November - 2020,200,Bailey Tech Group QB <61083822.deca>,2,2: September - 2024,September - 2024,11,3,no
2: January - 2021,1047 Commonwealth Avenue,January,2021,$0,$0,,,01-04-2021 05:13 PM,01-25-2021 03:08 PM,JT Bailey <62477437.bhmt>,January - 2021,218,JT Bailey <62477437.bhmt>,2,2: September - 2024,September - 2024,1,5,no
6: December - 2020,Academy 65,December,2020,"$155,293.64","$139,647.1","$15,646.54",89.924545525496%,12-01-2020 03:44 PM,12-06-2020 11:26 PM,Bailey Tech Group QB <61083822.deca>,December - 2020,6,Bailey Tech Group QB <61083822.deca>,6,6: September - 2024,September - 2024,12,4,yes
6: January - 2020,Academy 65,January,2020,"$252,687.96","$249,037.63","$3,650.33",98.555400106914%,12-01-2020 03:54 PM,12-06-2020 09:37 PM,Bailey Tech Group QB <61083822.deca>,January - 2020,24,Bailey Tech Group QB <61083822.deca>,6,6: September - 2024,September - 2024,1,5,yes
6: February - 2020,Academy 65,February,2020,"$259,161.73","$258,625.95",$535.78,99.793264229252%,12-01-2020 04:00 PM,12-06-2020 09:37 PM,Bailey Tech Group QB <61083822.deca>,February - 2020,42,Bailey Tech Group QB <61083822.deca>,6,6: September - 2024,September - 2024,2,6,yes
6: March - 2020,Academy 65,March,2020,"$253,044.37","$247,538.13","$5,506.24",97.824002170054%,12-01-2020 04:03 PM,12-06-2020 09:37 PM,Bailey Tech Group QB <61083822.deca>,March - 2020,60,Bailey Tech Group QB <61083822.deca>,6,6: September - 2024,September - 2024,3,7,yes
6: April - 2020,Academy 65,April,2020,"$257,452.82","$235,255.77","$22,197.05",91.378206694337%,12-01-2020 04:05 PM,12-06-2020 09:37 PM,Bailey Tech Group QB <61083822.deca>,April - 2020,78,Bailey Tech Group QB <61083822.deca>,6,6: September - 2024,September - 2024,4,8,yes
6: May - 2020,Academy 65,May,2020,"$254,019.75","$228,245.19","$25,774.56",89.85332439702%,12-01-2020 04:21 PM,12-06-2020 09:37 PM,Bailey Tech Group QB <61083822.deca>,May - 2020,96,Bailey Tech Group QB <61083822.deca>,6,6: September - 2024,September - 2024,5,9,yes
6: June - 2020,Academy 65,June,2020,"$255,327.67","$227,814.69","$27,512.98",89.224442458587%,12-01-2020 04:24 PM,12-06-2020 09:37 PM,Bailey Tech Group QB <61083822.deca>,June - 2020,114,Bailey Tech Group QB <61083822.deca>,6,6: September - 2024,September - 2024,6,10,yes
6: July - 2020,Academy 65,July,2020,"$64,029.21","$61,436.65","$2,592.56",95.95097300123%,12-01-2020 04:26 PM,12-06-2020 09:37 PM,Bailey Tech Group QB <61083822.deca>,July - 2020,132,Bailey Tech Group QB <61083822.deca>,6,6: September - 2024,September - 2024,7,11,yes
6: August - 2020,Academy 65,August,2020,"$149,810.69","$130,959.01","$18,851.68",87.416331905287%,12-01-2020 04:28 PM,12-06-2020 09:37 PM,Bailey Tech Group QB <61083822.deca>,August - 2020,150,Bailey Tech Group QB <61083822.deca>,6,6: September - 2024,September - 2024,8,12,yes
6: September - 2020,Academy 65,September,2020,"$136,783.46","$134,007.93","$2,775.53",97.970858464905%,12-01-2020 04:31 PM,12-06-2020 09:37 PM,Bailey Tech Group QB <61083822.deca>,September - 2020,168,Bailey Tech Group QB <61083822.deca>,6,6: September - 2024,September - 2024,9,1,yes
6: October - 2020,Academy 65,October,2020,"$148,636.79","$145,367.67","$3,269.12",97.800598357917%,12-01-2020 04:34 PM,12-06-2020 09:37 PM,Bailey Tech Group QB <61083822.deca>,October - 2020,186,Bailey Tech Group QB <61083822.deca>,6,6: September - 2024,September - 2024,10,2,yes
6: November - 2020,Academy 65,November,2020,"$151,093.65","$150,305.72",$787.93,99.47851547699%,12-01-2020 04:36 PM,12-06-2020 11:29 PM,Bailey Tech Group QB <61083822.deca>,November - 2020,204,Bailey Tech Group QB <61083822.deca>,6,6: September - 2024,September - 2024,11,3,yes
6: January - 2021,Academy 65,January,2021,"$159,332.73","$154,931.59","$4,401.14",97.23776778318%,01-04-2021 05:13 PM,01-25-2021 03:08 PM,JT Bailey <62477437.bhmt>,January - 2021,222,JT Bailey <62477437.bhmt>,6,6: September - 2024,September - 2024,1,5,yes
7: December - 2020,Academy Lincoln,December,2020,"$433,220.75","$427,133.68","$6,087.07",98.594926489555%,12-01-2020 03:44 PM,12-06-2020 11:26 PM,Bailey Tech Group QB <61083822.deca>,December - 2020,7,Bailey Tech Group QB <61083822.deca>,7,7: September - 2024,September - 2024,12,4,yes
7: January - 2020,Academy Lincoln,January,2020,"$421,148.64","$418,641.45","$2,507.19",99.404678120295%,12-01-2020 03:54 PM,12-06-2020 09:37 PM,Bailey Tech Group QB <61083822.deca>,January - 2020,25,Bailey Tech Group QB <61083822.deca>,7,7: September - 2024,September - 2024,1,5,yes
7: February - 2020,Academy Lincoln,February,2020,"$420,302.07","$418,331.26","$1,970.81",99.531096765714%,12-01-2020 04:00 PM,12-06-2020 09:37 PM,Bailey Tech Group QB <61083822.deca>,February - 2020,43,Bailey Tech Group QB <61083822.deca>,7,7: September - 2024,September - 2024,2,6,yes
7: March - 2020,Academy Lincoln,March,2020,"$418,140.46","$416,961.11","$1,179.35",99.717953627353%,12-01-2020 04:03 PM,12-06-2020 09:37 PM,Bailey Tech Group QB <61083822.deca>,March - 2020,61,Bailey Tech Group QB <61083822.deca>,7,7: September - 2024,September - 2024,3,7,yes
7: April - 2020,Academy Lincoln,April,2020,"$414,973.81","$407,449.76","$7,524.05",98.186861479282%,12-01-2020 04:05 PM,12-06-2020 09:37 PM,Bailey Tech Group QB <61083822.deca>,April - 2020,79,Bailey Tech Group QB <61083822.deca>,7,7: September - 2024,September - 2024,4,8,yes
7: May - 2020,Academy Lincoln,May,2020,"$408,381.8","$403,910","$4,471.8",98.90499527648%,12-01-2020 04:21 PM,12-06-2020 09:37 PM,Bailey Tech Group QB <61083822.deca>,May - 2020,97,Bailey Tech Group QB <61083822.deca>,7,7: September - 2024,September - 2024,5,9,yes
7: June - 2020,Academy Lincoln,June,2020,"$416,286","$412,249.63","$4,036.37",99.030385360065%,12-01-2020 04:24 PM,12-06-2020 09:37 PM,Bailey Tech Group QB <61083822.deca>,June - 2020,115,Bailey Tech Group QB <61083822.deca>,7,7: September - 2024,September - 2024,6,10,yes
7: July - 2020,Academy Lincoln,July,2020,"$85,418","$84,892.37",$525.63,99.384637898335%,12-01-2020 04:26 PM,12-06-2020 09:37 PM,Bailey Tech Group QB <61083822.deca>,July - 2020,133,Bailey Tech Group QB <61083822.deca>,7,7: September - 2024,September - 2024,7,11,yes
7: August - 2020,Academy Lincoln,August,2020,"$428,173.25","$424,161.25","$4,012",99.06299611197%,12-01-2020 04:28 PM,12-06-2020 09:37 PM,Bailey Tech Group QB <61083822.deca>,August - 2020,151,Bailey Tech Group QB <61083822.deca>,7,7: September - 2024,September - 2024,8,12,yes
7: September - 2020,Academy Lincoln,September,2020,"$433,240.25","$431,658.25","$1,582",99.634844638743%,12-01-2020 04:31 PM,12-06-2020 09:37 PM,Bailey Tech Group QB <61083822.deca>,September - 2020,169,Bailey Tech Group QB <61083822.deca>,7,7: September - 2024,September - 2024,9,1,yes
7: October - 2020,Academy Lincoln,October,2020,"$434,308.99","$433,295.36","$1,013.63",99.766610863846%,12-01-2020 04:34 PM,12-06-2020 09:37 PM,Bailey Tech Group QB <61083822.deca>,October - 2020,187,Bailey Tech Group QB <61083822.deca>,7,7: September - 2024,September - 2024,10,2,yes
7: November - 2020,Academy Lincoln,November,2020,"$433,586.33","$431,510.61","$2,075.72",99.521267194932%,12-01-2020 04:36 PM,12-06-2020 11:29 PM,Bailey Tech Group QB <61083822.deca>,November - 2020,205,Bailey Tech Group QB <61083822.deca>,7,7: September - 2024,September - 2024,11,3,yes
7: January - 2021,Academy Lincoln,January,2021,"$430,683.45","$426,341.4","$4,342.05",98.991823344965%,01-04-2021 05:13 PM,01-25-2021 03:08 PM,JT Bailey <62477437.bhmt>,January - 2021,223,JT Bailey <62477437.bhmt>,7,7: September - 2024,September - 2024,1,5,yes
1: December - 2020,Campustown 1008 S. 4th,December,2020,"$90,336","$85,031","$5,305",94.127479631598%,12-01-2020 03:44 PM,12-06-2020 11:26 PM,Bailey Tech Group QB <61083822.deca>,December - 2020,1,Bailey Tech Group QB <61083822.deca>,1,1: September - 2024,September - 2024,12,4,no
1: January - 2020,Campustown 1008 S. 4th,January,2020,"$139,275.61","$134,068.64","$5,206.97",96.26139135201%,12-01-2020 03:54 PM,12-06-2020 09:37 PM,Bailey Tech Group QB <61083822.deca>,January - 2020,19,Bailey Tech Group QB <61083822.deca>,1,1: September - 2024,September - 2024,1,5,no
1: February - 2020,Campustown 1008 S. 4th,February,2020,"$137,912.94","$134,324.65","$3,588.29",97.3981484261%,12-01-2020 04:00 PM,12-06-2020 09:37 PM,Bailey Tech Group QB <61083822.deca>,February - 2020,37,Bailey Tech Group QB <61083822.deca>,1,1: September - 2024,September - 2024,2,6,no
1: March - 2020,Campustown 1008 S. 4th,March,2020,"$139,129.39","$136,821.22","$2,308.17",98.340990354374%,12-01-2020 04:03 PM,12-06-2020 09:37 PM,Bailey Tech Group QB <61083822.deca>,March - 2020,55,Bailey Tech Group QB <61083822.deca>,1,1: September - 2024,September - 2024,3,7,no
1: April - 2020,Campustown 1008 S. 4th,April,2020,"$139,515.21","$135,121.51","$4,393.7",96.85073763642%,12-01-2020 04:05 PM,12-06-2020 09:37 PM,Bailey Tech Group QB <61083822.deca>,April - 2020,73,Bailey Tech Group QB <61083822.deca>,1,1: September - 2024,September - 2024,4,8,no
1: May - 2020,Campustown 1008 S. 4th,May,2020,"$139,252.37","$132,743.61","$6,508.76",95.325925153015%,12-01-2020 04:21 PM,12-06-2020 09:37 PM,Bailey Tech Group QB <61083822.deca>,May - 2020,91,Bailey Tech Group QB <61083822.deca>,1,1: September - 2024,September - 2024,5,9,no
1: June - 2020,Campustown 1008 S. 4th,June,2020,"$137,027.52","$129,726.64","$7,300.88",94.671960785687%,12-01-2020 04:24 PM,12-06-2020 09:37 PM,Bailey Tech Group QB <61083822.deca>,June - 2020,109,Bailey Tech Group QB <61083822.deca>,1,1: September - 2024,September - 2024,6,10,no
1: July - 2020,Campustown 1008 S. 4th,July,2020,"$142,587.47","$136,198.91","$6,388.56",95.519550210127%,12-01-2020 04:26 PM,12-06-2020 09:37 PM,Bailey Tech Group QB <61083822.deca>,July - 2020,127,Bailey Tech Group QB <61083822.deca>,1,1: September - 2024,September - 2024,7,11,no
1: August - 2020,Campustown 1008 S. 4th,August,2020,"$97,518.75","$84,588.7","$12,930.05",86.740960071781%,12-01-2020 04:28 PM,12-06-2020 09:37 PM,Bailey Tech Group QB <61083822.deca>,August - 2020,145,Bailey Tech Group QB <61083822.deca>,1,1: September - 2024,September - 2024,8,12,no
1: September - 2020,Campustown 1008 S. 4th,September,2020,"$89,588","$85,972.14","$3,615.86",95.963901415368%,12-01-2020 04:31 PM,12-06-2020 09:37 PM,Bailey Tech Group QB <61083822.deca>,September - 2020,163,Bailey Tech Group QB <61083822.deca>,1,1: September - 2024,September - 2024,9,1,no
1: October - 2020,Campustown 1008 S. 4th,October,2020,"$91,275.99","$89,918.99","$1,357",98.51330015703%,12-01-2020 04:34 PM,12-06-2020 09:37 PM,Bailey Tech Group QB <61083822.deca>,October - 2020,181,Bailey Tech Group QB <61083822.deca>,1,1: September - 2024,September - 2024,10,2,no
1: November - 2020,Campustown 1008 S. 4th,November,2020,"$90,311.54","$88,843.56","$1,467.98",98.37453773903%,12-01-2020 04:36 PM,12-06-2020 11:29 PM,Bailey Tech Group QB <61083822.deca>,November - 2020,199,Bailey Tech Group QB <61083822.deca>,1,1: September - 2024,September - 2024,11,3,no
1: January - 2021,Campustown 1008 S. 4th,January,2021,"$92,237","$88,807","$3,430",96.28131877663%,01-04-2021 05:13 PM,01-25-2021 03:08 PM,JT Bailey <62477437.bhmt>,January - 2021,217,JT Bailey <62477437.bhmt>,1,1: September - 2024,September - 2024,1,5,no
3: December - 2020,Campustown 307 E. Daniel,December,2020,"$14,510","$14,510",,100%,12-01-2020 03:44 PM,12-06-2020 11:26 PM,Bailey Tech Group QB <61083822.deca>,December - 2020,3,Bailey Tech Group QB <61083822.deca>,3,3: September - 2024,September - 2024,12,4,no
3: January - 2020,Campustown 307 E. Daniel,January,2020,"$37,120","$31,812.5","$5,307.5",85.70177801724%,12-01-2020 03:54 PM,12-06-2020 09:37 PM,Bailey Tech Group QB <61083822.deca>,January - 2020,21,Bailey Tech Group QB <61083822.deca>,3,3: September - 2024,September - 2024,1,5,no
3: February - 2020,Campustown 307 E. Daniel,February,2020,"$35,305","$34,287.5","$1,017.5",97.117971958646%,12-01-2020 04:00 PM,12-06-2020 09:37 PM,Bailey Tech Group QB <61083822.deca>,February - 2020,39,Bailey Tech Group QB <61083822.deca>,3,3: September - 2024,September - 2024,2,6,no
3: March - 2020,Campustown 307 E. Daniel,March,2020,"$36,582.42","$33,568.76","$3,013.66",91.761999342854%,12-01-2020 04:03 PM,12-06-2020 09:37 PM,Bailey Tech Group QB <61083822.deca>,March - 2020,57,Bailey Tech Group QB <61083822.deca>,3,3: September - 2024,September - 2024,3,7,no
3: April - 2020,Campustown 307 E. Daniel,April,2020,"$35,303.92","$31,710","$3,593.92",89.82005397701%,12-01-2020 04:05 PM,12-06-2020 09:37 PM,Bailey Tech Group QB <61083822.deca>,April - 2020,75,Bailey Tech Group QB <61083822.deca>,3,3: September - 2024,September - 2024,4,8,no
3: May - 2020,Campustown 307 E. Daniel,May,2020,"$35,306.43","$35,250.39",$56.04,99.841275371087%,12-01-2020 04:21 PM,12-06-2020 09:37 PM,Bailey Tech Group QB <61083822.deca>,May - 2020,93,Bailey Tech Group QB <61083822.deca>,3,3: September - 2024,September - 2024,5,9,no
3: June - 2020,Campustown 307 E. Daniel,June,2020,"$35,793.89","$35,268.89",$525,98.533269225558%,12-01-2020 04:24 PM,12-06-2020 09:37 PM,Bailey Tech Group QB <61083822.deca>,June - 2020,111,Bailey Tech Group QB <61083822.deca>,3,3: September - 2024,September - 2024,6,10,no
3: July - 2020,Campustown 307 E. Daniel,July,2020,"$35,220.91","$33,036.6","$2,184.31",93.79825790986%,12-01-2020 04:26 PM,12-06-2020 09:37 PM,Bailey Tech Group QB <61083822.deca>,July - 2020,129,Bailey Tech Group QB <61083822.deca>,3,3: September - 2024,September - 2024,7,11,no
3: August - 2020,Campustown 307 E. Daniel,August,2020,"$15,260","$15,260",,100%,12-01-2020 04:28 PM,12-06-2020 09:37 PM,Bailey Tech Group QB <61083822.deca>,August - 2020,147,Bailey Tech Group QB <61083822.deca>,3,3: September - 2024,September - 2024,8,12,no
3: September - 2020,Campustown 307 E. Daniel,September,2020,"$14,735","$14,685",$50,99.660671869698%,12-01-2020 04:31 PM,12-06-2020 09:37 PM,Bailey Tech Group QB <61083822.deca>,September - 2020,165,Bailey Tech Group QB <61083822.deca>,3,3: September - 2024,September - 2024,9,1,no
3: October - 2020,Campustown 307 E. Daniel,October,2020,"$14,435","$14,435",,100%,12-01-2020 04:34 PM,12-06-2020 09:37 PM,Bailey Tech Group QB <61083822.deca>,October - 2020,183,Bailey Tech Group QB <61083822.deca>,3,3: September - 2024,September - 2024,10,2,no
3: November - 2020,Campustown 307 E. Daniel,November,2020,"$14,494.63","$14,485",$9.63,99.93356160178%,12-01-2020 04:36 PM,12-06-2020 11:29 PM,Bailey Tech Group QB <61083822.deca>,November - 2020,201,Bailey Tech Group QB <61083822.deca>,3,3: September - 2024,September - 2024,11,3,no
3: January - 2021,Campustown 307 E. Daniel,January,2021,"$14,510","$14,510",,100%,01-04-2021 05:13 PM,01-25-2021 03:08 PM,JT Bailey <62477437.bhmt>,January - 2021,219,JT Bailey <62477437.bhmt>,3,3: September - 2024,September - 2024,1,5,no
4: December - 2020,Campustown 501 S. 6th,December,2020,"$29,531","$25,585.33","$3,945.67",86.638887948258%,12-01-2020 03:44 PM,12-06-2020 11:26 PM,Bailey Tech Group QB <61083822.deca>,December - 2020,4,Bailey Tech Group QB <61083822.deca>,4,4: September - 2024,September - 2024,12,4,no
4: January - 2020,Campustown 501 S. 6th,January,2020,"$80,794.55","$75,861.83","$4,932.72",93.89473671182%,12-01-2020 03:54 PM,12-06-2020 09:37 PM,Bailey Tech Group QB <61083822.deca>,January - 2020,22,Bailey Tech Group QB <61083822.deca>,4,4: September - 2024,September - 2024,1,5,no
4: February - 2020,Campustown 501 S. 6th,February,2020,"$80,115","$73,640.09","$6,474.91",91.91798040317%,12-01-2020 04:00 PM,12-06-2020 09:37 PM,Bailey Tech Group QB <61083822.deca>,February - 2020,40,Bailey Tech Group QB <61083822.deca>,4,4: September - 2024,September - 2024,2,6,no
4: March - 2020,Campustown 501 S. 6th,March,2020,"$82,882.53","$81,342.18","$1,540.35",98.141526326477%,12-01-2020 04:03 PM,12-06-2020 09:37 PM,Bailey Tech Group QB <61083822.deca>,March - 2020,58,Bailey Tech Group QB <61083822.deca>,4,4: September - 2024,September - 2024,3,7,no
4: April - 2020,Campustown 501 S. 6th,April,2020,"$79,598.99","$77,838.93","$1,760.06",97.788841290574%,12-01-2020 04:05 PM,12-06-2020 09:37 PM,Bailey Tech Group QB <61083822.deca>,April - 2020,76,Bailey Tech Group QB <61083822.deca>,4,4: September - 2024,September - 2024,4,8,no
4: May - 2020,Campustown 501 S. 6th,May,2020,"$80,412.31","$78,656.33","$1,755.98",97.816279621864%,12-01-2020 04:21 PM,12-06-2020 09:37 PM,Bailey Tech Group QB <61083822.deca>,May - 2020,94,Bailey Tech Group QB <61083822.deca>,4,4: September - 2024,September - 2024,5,9,no
4: June - 2020,Campustown 501 S. 6th,June,2020,"$80,425.71","$78,675.71","$1,750",97.824078892185%,12-01-2020 04:24 PM,12-06-2020 09:37 PM,Bailey Tech Group QB <61083822.deca>,June - 2020,112,Bailey Tech Group QB <61083822.deca>,4,4: September - 2024,September - 2024,6,10,no
4: July - 2020,Campustown 501 S. 6th,July,2020,"$80,450.5","$78,700.5","$1,750",97.824749380054%,12-01-2020 04:26 PM,12-06-2020 09:37 PM,Bailey Tech Group QB <61083822.deca>,July - 2020,130,Bailey Tech Group QB <61083822.deca>,4,4: September - 2024,September - 2024,7,11,no
4: August - 2020,Campustown 501 S. 6th,August,2020,"$29,227.28","$25,621.32","$3,605.96",87.662348326632%,12-01-2020 04:28 PM,12-06-2020 09:37 PM,Bailey Tech Group QB <61083822.deca>,August - 2020,148,Bailey Tech Group QB <61083822.deca>,4,4: September - 2024,September - 2024,8,12,no
4: September - 2020,Campustown 501 S. 6th,September,2020,"$30,635.41","$27,996","$2,639.41",91.384446952073%,12-01-2020 04:31 PM,12-06-2020 09:37 PM,Bailey Tech Group QB <61083822.deca>,September - 2020,166,Bailey Tech Group QB <61083822.deca>,4,4: September - 2024,September - 2024,9,1,no
4: October - 2020,Campustown 501 S. 6th,October,2020,"$29,746.57","$28,237.85","$1,508.72",94.928087507232%,12-01-2020 04:34 PM,12-06-2020 09:37 PM,Bailey Tech Group QB <61083822.deca>,October - 2020,184,Bailey Tech Group QB <61083822.deca>,4,4: September - 2024,September - 2024,10,2,no
4: November - 2020,Campustown 501 S. 6th,November,2020,"$29,676.44","$28,270.96","$1,405.48",95.263987189838%,12-01-2020 04:36 PM,12-06-2020 11:29 PM,Bailey Tech Group QB <61083822.deca>,November - 2020,202,Bailey Tech Group QB <61083822.deca>,4,4: September - 2024,September - 2024,11,3,no
4: January - 2021,Campustown 501 S. 6th,January,2021,"$25,663.8","$23,532.39","$2,131.41",91.694877609707%,01-04-2021 05:13 PM,01-25-2021 03:08 PM,JT Bailey <62477437.bhmt>,January - 2021,220,JT Bailey <62477437.bhmt>,4,4: September - 2024,September - 2024,1,5,no
5: December - 2020,Campustown 908 S. 1st,December,2020,"$57,737","$51,785.26","$5,951.74",89.69163621248%,12-01-2020 03:44 PM,12-06-2020 11:26 PM,Bailey Tech Group QB <61083822.deca>,December - 2020,5,Bailey Tech Group QB <61083822.deca>,5,5: September - 2024,September - 2024,12,4,no
5: January - 2020,Campustown 908 S. 1st,January,2020,"$80,940.57","$74,923","$6,017.57",92.565446475111%,12-01-2020 03:54 PM,12-06-2020 09:37 PM,Bailey Tech Group QB <61083822.deca>,January - 2020,23,Bailey Tech Group QB <61083822.deca>,5,5: September - 2024,September - 2024,1,5,no
5: February - 2020,Campustown 908 S. 1st,February,2020,"$81,977.83","$78,669.43","$3,308.4",95.964274731351%,12-01-2020 04:00 PM,12-06-2020 09:37 PM,Bailey Tech Group QB <61083822.deca>,February - 2020,41,Bailey Tech Group QB <61083822.deca>,5,5: September - 2024,September - 2024,2,6,no
5: March - 2020,Campustown 908 S. 1st,March,2020,"$82,066.14","$81,294.87",$771.27,99.060184870398%,12-01-2020 04:03 PM,12-06-2020 09:37 PM,Bailey Tech Group QB <61083822.deca>,March - 2020,59,Bailey Tech Group QB <61083822.deca>,5,5: September - 2024,September - 2024,3,7,no
5: April - 2020,Campustown 908 S. 1st,April,2020,"$81,823.55","$81,082.05",$741.5,99.093781680213%,12-01-2020 04:05 PM,12-06-2020 09:37 PM,Bailey Tech Group QB <61083822.deca>,April - 2020,77,Bailey Tech Group QB <61083822.deca>,5,5: September - 2024,September - 2024,4,8,no
5: May - 2020,Campustown 908 S. 1st,May,2020,"$82,033.56","$80,957.81","$1,075.75",98.688646451525%,12-01-2020 04:21 PM,12-06-2020 09:37 PM,Bailey Tech Group QB <61083822.deca>,May - 2020,95,Bailey Tech Group QB <61083822.deca>,5,5: September - 2024,September - 2024,5,9,no
5: June - 2020,Campustown 908 S. 1st,June,2020,"$80,693.84","$77,008.09","$3,685.75",95.432427060108%,12-01-2020 04:24 PM,12-06-2020 09:37 PM,Bailey Tech Group QB <61083822.deca>,June - 2020,113,Bailey Tech Group QB <61083822.deca>,5,5: September - 2024,September - 2024,6,10,no
5: July - 2020,Campustown 908 S. 1st,July,2020,"$80,015","$78,269.25","$1,745.75",97.818221583453%,12-01-2020 04:26 PM,12-06-2020 09:37 PM,Bailey Tech Group QB <61083822.deca>,July - 2020,131,Bailey Tech Group QB <61083822.deca>,5,5: September - 2024,September - 2024,7,11,no
5: August - 2020,Campustown 908 S. 1st,August,2020,"$59,194.44","$57,512","$1,682.44",97.15777360171%,12-01-2020 04:28 PM,12-06-2020 09:37 PM,Bailey Tech Group QB <61083822.deca>,August - 2020,149,Bailey Tech Group QB <61083822.deca>,5,5: September - 2024,September - 2024,8,12,no
5: September - 2020,Campustown 908 S. 1st,September,2020,"$59,006","$56,631","$2,375",95.974985594685%,12-01-2020 04:31 PM,12-06-2020 09:37 PM,Bailey Tech Group QB <61083822.deca>,September - 2020,167,Bailey Tech Group QB <61083822.deca>,5,5: September - 2024,September - 2024,9,1,no
5: October - 2020,Campustown 908 S. 1st,October,2020,"$59,017.85","$57,313.85","$1,704",97.1127379259%,12-01-2020 04:34 PM,12-06-2020 09:37 PM,Bailey Tech Group QB <61083822.deca>,October - 2020,185,Bailey Tech Group QB <61083822.deca>,5,5: September - 2024,September - 2024,10,2,no
5: November - 2020,Campustown 908 S. 1st,November,2020,"$57,236.89","$56,291.89",$945,98.348966898796%,12-01-2020 04:36 PM,12-06-2020 11:29 PM,Bailey Tech Group QB <61083822.deca>,November - 2020,203,Bailey Tech Group QB <61083822.deca>,5,5: September - 2024,September - 2024,11,3,no
5: January - 2021,Campustown 908 S. 1st,January,2021,"$50,547.87","$49,011.26","$1,536.61",96.960089515147%,01-04-2021 05:13 PM,01-25-2021 03:08 PM,JT Bailey <62477437.bhmt>,January - 2021,221,JT Bailey <62477437.bhmt>,5,5: September - 2024,September - 2024,1,5,no
8: December - 2020,Everly on The Loop,December,2020,"$427,979","$409,744","$18,235",95.73927692714%,12-01-2020 03:44 PM,12-06-2020 11:32 PM,Bailey Tech Group QB <61083822.deca>,December - 2020,8,Bailey Tech Group QB <61083822.deca>,8,8: September - 2024,September - 2024,12,4,yes
8: January - 2020,Everly on The Loop,January,2020,"$502,485.88","$501,786.08",$699.8,99.860732405058%,12-01-2020 03:54 PM,12-06-2020 09:37 PM,Bailey Tech Group QB <61083822.deca>,January - 2020,26,Bailey Tech Group QB <61083822.deca>,8,8: September - 2024,September - 2024,1,5,yes
8: February - 2020,Everly on The Loop,February,2020,"$497,570.1","$497,368.51",$201.59,99.959485105717%,12-01-2020 04:00 PM,12-06-2020 09:37 PM,Bailey Tech Group QB <61083822.deca>,February - 2020,44,Bailey Tech Group QB <61083822.deca>,8,8: September - 2024,September - 2024,2,6,yes
8: March - 2020,Everly on The Loop,March,2020,"$503,674.96","$503,404.96",$270,99.946393999813%,12-01-2020 04:03 PM,12-06-2020 09:37 PM,Bailey Tech Group QB <61083822.deca>,March - 2020,62,Bailey Tech Group QB <61083822.deca>,8,8: September - 2024,September - 2024,3,7,yes
8: April - 2020,Everly on The Loop,April,2020,"$498,924.23","$490,837.5","$8,086.73",98.379166712348%,12-01-2020 04:05 PM,12-06-2020 09:37 PM,Bailey Tech Group QB <61083822.deca>,April - 2020,80,Bailey Tech Group QB <61083822.deca>,8,8: September - 2024,September - 2024,4,8,yes
8: May - 2020,Everly on The Loop,May,2020,"$492,577.75","$484,452.5","$8,125.25",98.350463454754%,12-01-2020 04:21 PM,12-06-2020 09:37 PM,Bailey Tech Group QB <61083822.deca>,May - 2020,98,Bailey Tech Group QB <61083822.deca>,8,8: September - 2024,September - 2024,5,9,yes
8: June - 2020,Everly on The Loop,June,2020,"$495,971.95","$484,436.94","$11,535.01",97.67426161903%,12-01-2020 04:24 PM,12-06-2020 09:37 PM,Bailey Tech Group QB <61083822.deca>,June - 2020,116,Bailey Tech Group QB <61083822.deca>,8,8: September - 2024,September - 2024,6,10,yes
8: July - 2020,Everly on The Loop,July,2020,"$107,778.5","$105,106.5","$2,672",97.520841355187%,12-01-2020 04:26 PM,12-06-2020 09:37 PM,Bailey Tech Group QB <61083822.deca>,July - 2020,134,Bailey Tech Group QB <61083822.deca>,8,8: September - 2024,September - 2024,7,11,yes
8: August - 2020,Everly on The Loop,August,2020,"$421,100.55","$406,569.55","$14,531",96.549280213479%,12-01-2020 04:28 PM,12-06-2020 09:37 PM,Bailey Tech Group QB <61083822.deca>,August - 2020,152,Bailey Tech Group QB <61083822.deca>,8,8: September - 2024,September - 2024,8,12,yes
8: September - 2020,Everly on The Loop,September,2020,"$423,295.1","$421,590.1","$1,705",99.597207716319%,12-01-2020 04:31 PM,12-06-2020 09:37 PM,Bailey Tech Group QB <61083822.deca>,September - 2020,170,Bailey Tech Group QB <61083822.deca>,8,8: September - 2024,September - 2024,9,1,yes
8: October - 2020,Everly on The Loop,October,2020,"$424,618.43","$424,353",$265.43,99.937489759924%,12-01-2020 04:34 PM,12-06-2020 09:37 PM,Bailey Tech Group QB <61083822.deca>,October - 2020,188,Bailey Tech Group QB <61083822.deca>,8,8: September - 2024,September - 2024,10,2,yes
8: November - 2020,Everly on The Loop,November,2020,"$428,508.53","$427,015.5","$1,493.03",99.651575197348%,12-01-2020 04:36 PM,12-06-2020 11:29 PM,Bailey Tech Group QB <61083822.deca>,November - 2020,206,Bailey Tech Group QB <61083822.deca>,8,8: September - 2024,September - 2024,11,3,yes
8: January - 2021,Everly on The Loop,January,2021,"$427,755.88","$423,656.5","$4,099.38",99.04165431928%,01-04-2021 05:13 PM,01-25-2021 03:08 PM,JT Bailey <62477437.bhmt>,January - 2021,224,JT Bailey <62477437.bhmt>,8,8: September - 2024,September - 2024,1,5,yes
9: December - 2020,River House,December,2020,"$267,870","$264,368","$3,502",98.692649419495%,12-01-2020 03:44 PM,12-06-2020 11:26 PM,Bailey Tech Group QB <61083822.deca>,December - 2020,9,Bailey Tech Group QB <61083822.deca>,9,9: September - 2024,September - 2024,12,4,no
9: January - 2020,River House,January,2020,"$287,755.09","$276,265.09","$11,490",96.007021109514%,12-01-2020 03:54 PM,12-06-2020 09:37 PM,Bailey Tech Group QB <61083822.deca>,January - 2020,27,Bailey Tech Group QB <61083822.deca>,9,9: September - 2024,September - 2024,1,5,no
9: February - 2020,River House,February,2020,"$271,537","$268,170","$3,367",98.760021654507%,12-01-2020 04:00 PM,12-06-2020 09:37 PM,Bailey Tech Group QB <61083822.deca>,February - 2020,45,Bailey Tech Group QB <61083822.deca>,9,9: September - 2024,September - 2024,2,6,no
9: March - 2020,River House,March,2020,"$297,633.49","$296,948.49",$685,99.769851168294%,12-01-2020 04:03 PM,12-06-2020 09:37 PM,Bailey Tech Group QB <61083822.deca>,March - 2020,63,Bailey Tech Group QB <61083822.deca>,9,9: September - 2024,September - 2024,3,7,no
9: April - 2020,River House,April,2020,"$308,350.23","$296,175.9","$12,174.33",96.05178501083%,12-01-2020 04:05 PM,12-06-2020 09:37 PM,Bailey Tech Group QB <61083822.deca>,April - 2020,81,Bailey Tech Group QB <61083822.deca>,9,9: September - 2024,September - 2024,4,8,no
9: May - 2020,River House,May,2020,"$283,658.02","$275,000.01","$8,658.01",96.947729523036%,12-01-2020 04:21 PM,12-06-2020 09:37 PM,Bailey Tech Group QB <61083822.deca>,May - 2020,99,Bailey Tech Group QB <61083822.deca>,9,9: September - 2024,September - 2024,5,9,no
9: June - 2020,River House,June,2020,"$276,800.52","$272,241.36","$4,559.16",98.352907718526%,12-01-2020 04:24 PM,12-06-2020 09:37 PM,Bailey Tech Group QB <61083822.deca>,June - 2020,117,Bailey Tech Group QB <61083822.deca>,9,9: September - 2024,September - 2024,6,10,no
9: July - 2020,River House,July,2020,"$272,000.44","$263,834.62","$8,165.82",96.997865150512%,12-01-2020 04:26 PM,12-06-2020 09:37 PM,Bailey Tech Group QB <61083822.deca>,July - 2020,135,Bailey Tech Group QB <61083822.deca>,9,9: September - 2024,September - 2024,7,11,no
9: August - 2020,River House,August,2020,"$234,410.46","$230,957.36","$3,453.1",98.52690020744%,12-01-2020 04:28 PM,12-06-2020 09:37 PM,Bailey Tech Group QB <61083822.deca>,August - 2020,153,Bailey Tech Group QB <61083822.deca>,9,9: September - 2024,September - 2024,8,12,no
9: September - 2020,River House,September,2020,"$289,737","$288,286","$1,451",99.499200999527%,12-01-2020 04:31 PM,12-06-2020 09:37 PM,Bailey Tech Group QB <61083822.deca>,September - 2020,171,Bailey Tech Group QB <61083822.deca>,9,9: September - 2024,September - 2024,9,1,no
9: October - 2020,River House,October,2020,"$279,119.34","$273,665.03","$5,454.31",98.0458860357%,12-01-2020 04:34 PM,12-06-2020 09:37 PM,Bailey Tech Group QB <61083822.deca>,October - 2020,189,Bailey Tech Group QB <61083822.deca>,9,9: September - 2024,September - 2024,10,2,no
9: November - 2020,River House,November,2020,"$273,087","$272,962",$125,99.9542270412%,12-01-2020 04:36 PM,12-06-2020 11:29 PM,Bailey Tech Group QB <61083822.deca>,November - 2020,207,Bailey Tech Group QB <61083822.deca>,9,9: September - 2024,September - 2024,11,3,no
9: January - 2021,River House,January,2021,"$259,672.77","$259,343",$329.77,99.873005552334%,01-04-2021 05:13 PM,01-25-2021 03:08 PM,JT Bailey <62477437.bhmt>,January - 2021,225,JT Bailey <62477437.bhmt>,9,9: September - 2024,September - 2024,1,5,no
10: December - 2020,Shortbread Lofts,December,2020,"$368,605","$343,241.95","$25,363.05",93.119179067023%,12-01-2020 03:44 PM,12-06-2020 11:26 PM,Bailey Tech Group QB <61083822.deca>,December - 2020,10,Bailey Tech Group QB <61083822.deca>,10,10: September - 2024,September - 2024,12,4,no
10: January - 2020,Shortbread Lofts,January,2020,"$354,530","$353,322.5","$1,207.5",99.659408230615%,12-01-2020 03:54 PM,12-06-2020 09:37 PM,Bailey Tech Group QB <61083822.deca>,January - 2020,28,Bailey Tech Group QB <61083822.deca>,10,10: September - 2024,September - 2024,1,5,no
10: February - 2020,Shortbread Lofts,February,2020,"$354,295","$353,375",$920,99.740329386528%,12-01-2020 04:00 PM,12-06-2020 09:37 PM,Bailey Tech Group QB <61083822.deca>,February - 2020,46,Bailey Tech Group QB <61083822.deca>,10,10: September - 2024,September - 2024,2,6,no
10: March - 2020,Shortbread Lofts,March,2020,"$355,850","$355,650",$200,99.943796543487%,12-01-2020 04:03 PM,12-06-2020 09:37 PM,Bailey Tech Group QB <61083822.deca>,March - 2020,64,Bailey Tech Group QB <61083822.deca>,10,10: September - 2024,September - 2024,3,7,no
10: April - 2020,Shortbread Lofts,April,2020,"$355,465","$343,630","$11,835",96.670558282813%,12-01-2020 04:05 PM,12-06-2020 09:37 PM,Bailey Tech Group QB <61083822.deca>,April - 2020,82,Bailey Tech Group QB <61083822.deca>,10,10: September - 2024,September - 2024,4,8,no
10: May - 2020,Shortbread Lofts,May,2020,"$354,199","$344,608.45","$9,590.55",97.2923271946%,12-01-2020 04:21 PM,12-06-2020 09:37 PM,Bailey Tech Group QB <61083822.deca>,May - 2020,100,Bailey Tech Group QB <61083822.deca>,10,10: September - 2024,September - 2024,5,9,no
10: June - 2020,Shortbread Lofts,June,2020,"$354,910","$347,900.01","$7,009.99",98.024854188386%,12-01-2020 04:24 PM,12-06-2020 09:37 PM,Bailey Tech Group QB <61083822.deca>,June - 2020,118,Bailey Tech Group QB <61083822.deca>,10,10: September - 2024,September - 2024,6,10,no
10: July - 2020,Shortbread Lofts,July,2020,"$354,140","$346,020","$8,120",97.707121477382%,12-01-2020 04:26 PM,12-06-2020 09:37 PM,Bailey Tech Group QB <61083822.deca>,July - 2020,136,Bailey Tech Group QB <61083822.deca>,10,10: September - 2024,September - 2024,7,11,no
10: August - 2020,Shortbread Lofts,August,2020,"$359,252.31","$358,697.31",$555,99.84551247562%,12-01-2020 04:28 PM,12-06-2020 09:37 PM,Bailey Tech Group QB <61083822.deca>,August - 2020,154,Bailey Tech Group QB <61083822.deca>,10,10: September - 2024,September - 2024,8,12,no
10: September - 2020,Shortbread Lofts,September,2020,"$367,400","$364,970","$2,430",99.3385955362%,12-01-2020 04:31 PM,12-06-2020 09:37 PM,Bailey Tech Group QB <61083822.deca>,September - 2020,172,Bailey Tech Group QB <61083822.deca>,10,10: September - 2024,September - 2024,9,1,no
10: October - 2020,Shortbread Lofts,October,2020,"$368,988.05","$368,988.05",,100%,12-01-2020 04:34 PM,12-06-2020 09:37 PM,Bailey Tech Group QB <61083822.deca>,October - 2020,190,Bailey Tech Group QB <61083822.deca>,10,10: September - 2024,September - 2024,10,2,no
10: November - 2020,Shortbread Lofts,November,2020,"$368,150","$368,026.95",$123.05,99.966576123863%,12-01-2020 04:36 PM,12-06-2020 11:29 PM,Bailey Tech Group QB <61083822.deca>,November - 2020,208,Bailey Tech Group QB <61083822.deca>,10,10: September - 2024,September - 2024,11,3,no
10: January - 2021,Shortbread Lofts,January,2021,"$370,492.5","$369,542.5",$950,99.743584552994%,01-04-2021 05:13 PM,01-25-2021 03:08 PM,JT Bailey <62477437.bhmt>,January - 2021,226,JT Bailey <62477437.bhmt>,10,10: September - 2024,September - 2024,1,5,no
11: December - 2020,SOVA,December,2020,"$643,704.07","$598,455.67","$45,248.4",92.970620800953%,12-01-2020 03:44 PM,12-06-2020 11:32 PM,Bailey Tech Group QB <61083822.deca>,December - 2020,11,Bailey Tech Group QB <61083822.deca>,11,11: September - 2024,September - 2024,12,4,no
11: January - 2020,SOVA,January,2020,"$599,985.65","$590,996.21","$8,989.44",98.501724166236%,12-01-2020 03:54 PM,12-06-2020 09:37 PM,Bailey Tech Group QB <61083822.deca>,January - 2020,29,Bailey Tech Group QB <61083822.deca>,11,11: September - 2024,September - 2024,1,5,no
11: February - 2020,SOVA,February,2020,"$628,389.6","$622,541.1","$5,848.5",99.069287588464%,12-01-2020 04:00 PM,12-06-2020 09:37 PM,Bailey Tech Group QB <61083822.deca>,February - 2020,47,Bailey Tech Group QB <61083822.deca>,11,11: September - 2024,September - 2024,2,6,no
11: March - 2020,SOVA,March,2020,"$619,249.55","$609,727.33","$9,522.22",98.46229682363%,12-01-2020 04:03 PM,12-06-2020 09:37 PM,Bailey Tech Group QB <61083822.deca>,March - 2020,65,Bailey Tech Group QB <61083822.deca>,11,11: September - 2024,September - 2024,3,7,no
11: April - 2020,SOVA,April,2020,"$614,276.94","$582,534.65","$31,742.29",94.832576655083%,12-01-2020 04:05 PM,12-06-2020 09:37 PM,Bailey Tech Group QB <61083822.deca>,April - 2020,83,Bailey Tech Group QB <61083822.deca>,11,11: September - 2024,September - 2024,4,8,no
11: May - 2020,SOVA,May,2020,"$613,354.22","$583,644.65","$29,709.57",95.156213321562%,12-01-2020 04:21 PM,12-06-2020 09:37 PM,Bailey Tech Group QB <61083822.deca>,May - 2020,101,Bailey Tech Group QB <61083822.deca>,11,11: September - 2024,September - 2024,5,9,no
11: June - 2020,SOVA,June,2020,"$614,470.14","$583,701.05","$30,769.09",94.992581738797%,12-01-2020 04:24 PM,12-06-2020 09:37 PM,Bailey Tech Group QB <61083822.deca>,June - 2020,119,Bailey Tech Group QB <61083822.deca>,11,11: September - 2024,September - 2024,6,10,no
11: July - 2020,SOVA,July,2020,"$221,007.78","$216,360.05","$4,647.73",97.89702878333%,12-01-2020 04:26 PM,12-06-2020 09:37 PM,Bailey Tech Group QB <61083822.deca>,July - 2020,137,Bailey Tech Group QB <61083822.deca>,11,11: September - 2024,September - 2024,7,11,no
11: August - 2020,SOVA,August,2020,"$651,151.87","$623,100.85","$28,051.02",95.69209253749%,12-01-2020 04:28 PM,12-06-2020 09:37 PM,Bailey Tech Group QB <61083822.deca>,August - 2020,155,Bailey Tech Group QB <61083822.deca>,11,11: September - 2024,September - 2024,8,12,no
11: September - 2020,SOVA,September,2020,"$638,661.6","$632,547.8","$6,113.8",99.042716831574%,12-01-2020 04:31 PM,12-06-2020 09:37 PM,Bailey Tech Group QB <61083822.deca>,September - 2020,173,Bailey Tech Group QB <61083822.deca>,11,11: September - 2024,September - 2024,9,1,no
11: October - 2020,SOVA,October,2020,"$632,204.13","$627,345.92","$4,858.21",99.23154409004%,12-01-2020 04:34 PM,12-06-2020 09:37 PM,Bailey Tech Group QB <61083822.deca>,October - 2020,191,Bailey Tech Group QB <61083822.deca>,11,11: September - 2024,September - 2024,10,2,no
11: November - 2020,SOVA,November,2020,"$635,972.75","$631,276.27","$4,696.48",99.261528107926%,12-01-2020 04:36 PM,12-06-2020 11:29 PM,Bailey Tech Group QB <61083822.deca>,November - 2020,209,Bailey Tech Group QB <61083822.deca>,11,11: September - 2024,September - 2024,11,3,no
11: January - 2021,SOVA,January,2021,"$639,309.11","$632,794.95","$6,514.16",98.981062541092%,01-04-2021 05:13 PM,01-25-2021 03:08 PM,JT Bailey <62477437.bhmt>,January - 2021,227,JT Bailey <62477437.bhmt>,11,11: September - 2024,September - 2024,1,5,no
12: December - 2020,Station Nine,December,2020,"$580,421.12","$565,885.92","$14,535.2",97.495749293203%,12-01-2020 03:44 PM,12-06-2020 11:26 PM,Bailey Tech Group QB <61083822.deca>,December - 2020,12,Bailey Tech Group QB <61083822.deca>,12,12: September - 2024,September - 2024,12,4,no
12: January - 2020,Station Nine,January,2020,"$551,730.86","$550,880.86",$850,99.845939377036%,12-01-2020 03:54 PM,12-06-2020 09:37 PM,Bailey Tech Group QB <61083822.deca>,January - 2020,30,Bailey Tech Group QB <61083822.deca>,12,12: September - 2024,September - 2024,1,5,no
12: February - 2020,Station Nine,February,2020,"$559,802.1","$558,758.33","$1,043.77",99.813546608703%,12-01-2020 04:00 PM,12-06-2020 09:37 PM,Bailey Tech Group QB <61083822.deca>,February - 2020,48,Bailey Tech Group QB <61083822.deca>,12,12: September - 2024,September - 2024,2,6,no
12: March - 2020,Station Nine,March,2020,"$565,270.18","$562,796.36","$2,473.82",99.562365026933%,12-01-2020 04:03 PM,12-06-2020 09:37 PM,Bailey Tech Group QB <61083822.deca>,March - 2020,66,Bailey Tech Group QB <61083822.deca>,12,12: September - 2024,September - 2024,3,7,no
12: April - 2020,Station Nine,April,2020,"$548,236.8","$542,961.08","$5,275.72",99.037693201186%,12-01-2020 04:05 PM,12-06-2020 09:37 PM,Bailey Tech Group QB <61083822.deca>,April - 2020,84,Bailey Tech Group QB <61083822.deca>,12,12: September - 2024,September - 2024,4,8,no
12: May - 2020,Station Nine,May,2020,"$497,276.52","$494,420.62","$2,855.9",99.425691766022%,12-01-2020 04:21 PM,12-06-2020 09:37 PM,Bailey Tech Group QB <61083822.deca>,May - 2020,102,Bailey Tech Group QB <61083822.deca>,12,12: September - 2024,September - 2024,5,9,no
12: June - 2020,Station Nine,June,2020,"$447,909.12","$447,909.12",,100%,12-01-2020 04:24 PM,12-06-2020 09:37 PM,Bailey Tech Group QB <61083822.deca>,June - 2020,120,Bailey Tech Group QB <61083822.deca>,12,12: September - 2024,September - 2024,6,10,no
12: July - 2020,Station Nine,July,2020,"$419,688.28","$419,487.46",$200.82,99.95215020062%,12-01-2020 04:26 PM,12-06-2020 09:37 PM,Bailey Tech Group QB <61083822.deca>,July - 2020,138,Bailey Tech Group QB <61083822.deca>,12,12: September - 2024,September - 2024,7,11,no
12: August - 2020,Station Nine,August,2020,"$471,785.55","$471,675.55",$110,99.976684321934%,12-01-2020 04:28 PM,12-06-2020 09:37 PM,Bailey Tech Group QB <61083822.deca>,August - 2020,156,Bailey Tech Group QB <61083822.deca>,12,12: September - 2024,September - 2024,8,12,no
12: September - 2020,Station Nine,September,2020,"$571,377.71","$571,377.71",,100%,12-01-2020 04:31 PM,12-06-2020 09:37 PM,Bailey Tech Group QB <61083822.deca>,September - 2020,174,Bailey Tech Group QB <61083822.deca>,12,12: September - 2024,September - 2024,9,1,no
12: October - 2020,Station Nine,October,2020,"$580,490.34","$578,195.34","$2,295",99.60464458375%,12-01-2020 04:34 PM,12-06-2020 09:37 PM,Bailey Tech Group QB <61083822.deca>,October - 2020,192,Bailey Tech Group QB <61083822.deca>,12,12: September - 2024,September - 2024,10,2,no
12: November - 2020,Station Nine,November,2020,"$578,182.76","$578,137.76",$45,99.99221699381%,12-01-2020 04:36 PM,12-06-2020 11:29 PM,Bailey Tech Group QB <61083822.deca>,November - 2020,210,Bailey Tech Group QB <61083822.deca>,12,12: September - 2024,September - 2024,11,3,no
12: January - 2021,Station Nine,January,2021,"$582,304.12","$582,065.12",$239,99.958956155076%,01-04-2021 05:13 PM,01-25-2021 03:08 PM,JT Bailey <62477437.bhmt>,January - 2021,228,JT Bailey <62477437.bhmt>,12,12: September - 2024,September - 2024,1,5,no
13: December - 2020,The Academy at Frisco,December,2020,"$405,696.99","$372,898.7","$32,798.29",91.915569795083%,12-01-2020 03:44 PM,12-06-2020 11:26 PM,Bailey Tech Group QB <61083822.deca>,December - 2020,13,Bailey Tech Group QB <61083822.deca>,13,13: September - 2024,September - 2024,12,4,no
13: January - 2020,The Academy at Frisco,January,2020,"$341,880.04","$338,738.27","$3,141.77",99.08103146355%,12-01-2020 03:54 PM,12-06-2020 09:37 PM,Bailey Tech Group QB <61083822.deca>,January - 2020,31,Bailey Tech Group QB <61083822.deca>,13,13: September - 2024,September - 2024,1,5,no
13: February - 2020,The Academy at Frisco,February,2020,"$338,591.23","$338,349.58",$241.65,99.928630756325%,12-01-2020 04:00 PM,12-06-2020 09:37 PM,Bailey Tech Group QB <61083822.deca>,February - 2020,49,Bailey Tech Group QB <61083822.deca>,13,13: September - 2024,September - 2024,2,6,no
13: March - 2020,The Academy at Frisco,March,2020,"$343,629.09","$340,002.34","$3,626.75",98.944574221%,12-01-2020 04:03 PM,12-06-2020 09:37 PM,Bailey Tech Group QB <61083822.deca>,March - 2020,67,Bailey Tech Group QB <61083822.deca>,13,13: September - 2024,September - 2024,3,7,no
13: April - 2020,The Academy at Frisco,April,2020,"$341,916.65","$332,811.68","$9,104.97",97.33707908053%,12-01-2020 04:05 PM,12-06-2020 09:37 PM,Bailey Tech Group QB <61083822.deca>,April - 2020,85,Bailey Tech Group QB <61083822.deca>,13,13: September - 2024,September - 2024,4,8,no
13: May - 2020,The Academy at Frisco,May,2020,"$343,790","$337,459.69","$6,330.31",98.158669536636%,12-01-2020 04:21 PM,12-06-2020 09:37 PM,Bailey Tech Group QB <61083822.deca>,May - 2020,103,Bailey Tech Group QB <61083822.deca>,13,13: September - 2024,September - 2024,5,9,no
13: June - 2020,The Academy at Frisco,June,2020,"$345,735.46","$337,890.44","$7,845.02",97.730918315408%,12-01-2020 04:24 PM,12-06-2020 09:37 PM,Bailey Tech Group QB <61083822.deca>,June - 2020,121,Bailey Tech Group QB <61083822.deca>,13,13: September - 2024,September - 2024,6,10,no
13: July - 2020,The Academy at Frisco,July,2020,"$348,327.42","$338,262.54","$10,064.88",97.110511713376%,12-01-2020 04:26 PM,12-06-2020 09:37 PM,Bailey Tech Group QB <61083822.deca>,July - 2020,139,Bailey Tech Group QB <61083822.deca>,13,13: September - 2024,September - 2024,7,11,no
13: August - 2020,The Academy at Frisco,August,2020,"$420,124.79","$413,539.62","$6,585.17",98.432568094827%,12-01-2020 04:28 PM,12-06-2020 09:37 PM,Bailey Tech Group QB <61083822.deca>,August - 2020,157,Bailey Tech Group QB <61083822.deca>,13,13: September - 2024,September - 2024,8,12,no
13: September - 2020,The Academy at Frisco,September,2020,"$394,235.5","$389,289.5","$4,946",98.74541993301%,12-01-2020 04:31 PM,12-06-2020 09:37 PM,Bailey Tech Group QB <61083822.deca>,September - 2020,175,Bailey Tech Group QB <61083822.deca>,13,13: September - 2024,September - 2024,9,1,no
13: October - 2020,The Academy at Frisco,October,2020,"$390,831.8","$385,135.35","$5,696.45",98.542480422524%,12-01-2020 04:34 PM,12-06-2020 09:37 PM,Bailey Tech Group QB <61083822.deca>,October - 2020,193,Bailey Tech Group QB <61083822.deca>,13,13: September - 2024,September - 2024,10,2,no
13: November - 2020,The Academy at Frisco,November,2020,"$389,044.19","$385,344.93","$3,699.26",99.049141435578%,12-01-2020 04:36 PM,12-06-2020 11:29 PM,Bailey Tech Group QB <61083822.deca>,November - 2020,211,Bailey Tech Group QB <61083822.deca>,13,13: September - 2024,September - 2024,11,3,no
13: January - 2021,The Academy at Frisco,January,2021,"$407,593.69","$386,610.31","$20,983.38",94.851887918088%,01-04-2021 05:13 PM,01-25-2021 03:08 PM,JT Bailey <62477437.bhmt>,January - 2021,229,JT Bailey <62477437.bhmt>,13,13: September - 2024,September - 2024,1,5,no
14: December - 2020,The Academy Chorro,December,2020,"$101,060.25","$97,970.5","$3,089.75",96.9426653902%,12-01-2020 03:44 PM,12-06-2020 11:26 PM,Bailey Tech Group QB <61083822.deca>,December - 2020,14,Bailey Tech Group QB <61083822.deca>,14,14: September - 2024,September - 2024,12,4,yes
14: January - 2020,The Academy Chorro,January,2020,"$113,339.9","$113,294.65",$45.25,99.960075842664%,12-01-2020 03:54 PM,12-06-2020 09:37 PM,Bailey Tech Group QB <61083822.deca>,January - 2020,32,Bailey Tech Group QB <61083822.deca>,14,14: September - 2024,September - 2024,1,5,yes
14: February - 2020,The Academy Chorro,February,2020,"$115,888.5","$115,584.5",$304,99.737678889622%,12-01-2020 04:00 PM,12-06-2020 09:37 PM,Bailey Tech Group QB <61083822.deca>,February - 2020,50,Bailey Tech Group QB <61083822.deca>,14,14: September - 2024,September - 2024,2,6,yes
14: March - 2020,The Academy Chorro,March,2020,"$114,849.25","$114,849.25",,100%,12-01-2020 04:03 PM,12-06-2020 09:37 PM,Bailey Tech Group QB <61083822.deca>,March - 2020,68,Bailey Tech Group QB <61083822.deca>,14,14: September - 2024,September - 2024,3,7,yes
14: April - 2020,The Academy Chorro,April,2020,"$113,992","$106,504","$7,488",93.43111797319%,12-01-2020 04:05 PM,12-06-2020 09:37 PM,Bailey Tech Group QB <61083822.deca>,April - 2020,86,Bailey Tech Group QB <61083822.deca>,14,14: September - 2024,September - 2024,4,8,yes
14: May - 2020,The Academy Chorro,May,2020,"$113,767","$107,324","$6,443",94.33667056352%,12-01-2020 04:21 PM,12-06-2020 09:37 PM,Bailey Tech Group QB <61083822.deca>,May - 2020,104,Bailey Tech Group QB <61083822.deca>,14,14: September - 2024,September - 2024,5,9,yes
14: June - 2020,The Academy Chorro,June,2020,"$101,706","$95,133","$6,573",93.537254439266%,12-01-2020 04:24 PM,12-06-2020 09:37 PM,Bailey Tech Group QB <61083822.deca>,June - 2020,122,Bailey Tech Group QB <61083822.deca>,14,14: September - 2024,September - 2024,6,10,yes
14: July - 2020,The Academy Chorro,July,2020,"$95,214","$89,414","$5,800",93.908458840087%,12-01-2020 04:26 PM,12-06-2020 09:37 PM,Bailey Tech Group QB <61083822.deca>,July - 2020,140,Bailey Tech Group QB <61083822.deca>,14,14: September - 2024,September - 2024,7,11,yes
14: August - 2020,The Academy Chorro,August,2020,"$33,469","$33,394",$75,99.775912038005%,12-01-2020 04:28 PM,12-06-2020 09:37 PM,Bailey Tech Group QB <61083822.deca>,August - 2020,158,Bailey Tech Group QB <61083822.deca>,14,14: September - 2024,September - 2024,8,12,yes
14: September - 2020,The Academy Chorro,September,2020,"$98,553.05","$98,553.05",,100%,12-01-2020 04:31 PM,12-06-2020 09:37 PM,Bailey Tech Group QB <61083822.deca>,September - 2020,176,Bailey Tech Group QB <61083822.deca>,14,14: September - 2024,September - 2024,9,1,yes
14: October - 2020,The Academy Chorro,October,2020,"$92,537.5","$92,537.5",,100%,12-01-2020 04:34 PM,12-06-2020 09:37 PM,Bailey Tech Group QB <61083822.deca>,October - 2020,194,Bailey Tech Group QB <61083822.deca>,14,14: September - 2024,September - 2024,10,2,yes
14: November - 2020,The Academy Chorro,November,2020,"$99,957","$99,907",$50,99.949978490751%,12-01-2020 04:36 PM,12-06-2020 11:29 PM,Bailey Tech Group QB <61083822.deca>,November - 2020,212,Bailey Tech Group QB <61083822.deca>,14,14: September - 2024,September - 2024,11,3,yes
14: January - 2021,The Academy Chorro,January,2021,"$100,436.25","$100,386.25",$50,99.950217177563%,01-04-2021 05:13 PM,01-25-2021 03:08 PM,JT Bailey <62477437.bhmt>,January - 2021,230,JT Bailey <62477437.bhmt>,14,14: September - 2024,September - 2024,1,5,yes
15: December - 2020,The Academy on Charles,December,2020,"$366,920.75","$359,751.25","$7,169.5",98.046035826537%,12-01-2020 03:44 PM,12-06-2020 11:26 PM,Bailey Tech Group QB <61083822.deca>,December - 2020,15,Bailey Tech Group QB <61083822.deca>,15,15: September - 2024,September - 2024,12,4,no
15: January - 2020,The Academy on Charles,January,2020,"$383,846.15","$380,326.65","$3,519.5",99.083096183197%,12-01-2020 03:54 PM,12-06-2020 09:37 PM,Bailey Tech Group QB <61083822.deca>,January - 2020,33,Bailey Tech Group QB <61083822.deca>,15,15: September - 2024,September - 2024,1,5,no
15: February - 2020,The Academy on Charles,February,2020,"$382,728.9","$382,016.45",$712.45,99.813849960115%,12-01-2020 04:00 PM,12-06-2020 09:37 PM,Bailey Tech Group QB <61083822.deca>,February - 2020,51,Bailey Tech Group QB <61083822.deca>,15,15: September - 2024,September - 2024,2,6,no
15: March - 2020,The Academy on Charles,March,2020,"$382,377.26","$382,042.26",$335,99.912390187638%,12-01-2020 04:03 PM,12-06-2020 09:37 PM,Bailey Tech Group QB <61083822.deca>,March - 2020,69,Bailey Tech Group QB <61083822.deca>,15,15: September - 2024,September - 2024,3,7,no
15: April - 2020,The Academy on Charles,April,2020,"$381,956","$367,929","$14,027",96.327587470808%,12-01-2020 04:05 PM,12-06-2020 09:37 PM,Bailey Tech Group QB <61083822.deca>,April - 2020,87,Bailey Tech Group QB <61083822.deca>,15,15: September - 2024,September - 2024,4,8,no
15: May - 2020,The Academy on Charles,May,2020,"$381,966","$370,273","$11,693",96.93873276679%,12-01-2020 04:21 PM,12-06-2020 09:37 PM,Bailey Tech Group QB <61083822.deca>,May - 2020,105,Bailey Tech Group QB <61083822.deca>,15,15: September - 2024,September - 2024,5,9,no
15: June - 2020,The Academy on Charles,June,2020,"$382,119.25","$372,407.5","$9,711.75",97.458450470632%,12-01-2020 04:24 PM,12-06-2020 09:37 PM,Bailey Tech Group QB <61083822.deca>,June - 2020,123,Bailey Tech Group QB <61083822.deca>,15,15: September - 2024,September - 2024,6,10,no
15: July - 2020,The Academy on Charles,July,2020,"$378,893.75","$372,201","$6,692.75",98.233607706646%,12-01-2020 04:26 PM,12-06-2020 09:37 PM,Bailey Tech Group QB <61083822.deca>,July - 2020,141,Bailey Tech Group QB <61083822.deca>,15,15: September - 2024,September - 2024,7,11,no
15: August - 2020,The Academy on Charles,August,2020,"$212,722","$201,858","$10,864",94.89286486588%,12-01-2020 04:28 PM,12-06-2020 09:37 PM,Bailey Tech Group QB <61083822.deca>,August - 2020,159,Bailey Tech Group QB <61083822.deca>,15,15: September - 2024,September - 2024,8,12,no
15: September - 2020,The Academy on Charles,September,2020,"$384,429.75","$375,556","$8,873.75",97.691710904268%,12-01-2020 04:31 PM,12-06-2020 09:37 PM,Bailey Tech Group QB <61083822.deca>,September - 2020,177,Bailey Tech Group QB <61083822.deca>,15,15: September - 2024,September - 2024,9,1,no
15: October - 2020,The Academy on Charles,October,2020,"$367,168.2","$367,065.95",$102.25,99.972151727737%,12-01-2020 04:34 PM,12-06-2020 09:37 PM,Bailey Tech Group QB <61083822.deca>,October - 2020,195,Bailey Tech Group QB <61083822.deca>,15,15: September - 2024,September - 2024,10,2,no
15: November - 2020,The Academy on Charles,November,2020,"$366,985.7","$366,710.7",$275,99.925065200088%,12-01-2020 04:36 PM,12-06-2020 11:29 PM,Bailey Tech Group QB <61083822.deca>,November - 2020,213,Bailey Tech Group QB <61083822.deca>,15,15: September - 2024,September - 2024,11,3,no
15: January - 2021,The Academy on Charles,January,2021,"$371,862","$369,012","$2,850",99.233586653113%,01-04-2021 05:13 PM,01-25-2021 03:08 PM,JT Bailey <62477437.bhmt>,January - 2021,231,JT Bailey <62477437.bhmt>,15,15: September - 2024,September - 2024,1,5,no
16: December - 2020,The Academy Palomar,December,2020,"$157,724.75","$141,973","$15,751.75",90.013139979616%,12-01-2020 03:44 PM,12-06-2020 11:26 PM,Bailey Tech Group QB <61083822.deca>,December - 2020,16,Bailey Tech Group QB <61083822.deca>,16,16: September - 2024,September - 2024,12,4,yes
16: January - 2020,The Academy Palomar,January,2020,"$85,782.5","$85,532.5",$250,99.70856526681%,12-01-2020 03:54 PM,12-06-2020 09:37 PM,Bailey Tech Group QB <61083822.deca>,January - 2020,34,Bailey Tech Group QB <61083822.deca>,16,16: September - 2024,September - 2024,1,5,yes
16: February - 2020,The Academy Palomar,February,2020,"$89,767.5","$89,017.5",$750,99.164508313142%,12-01-2020 04:00 PM,12-06-2020 09:37 PM,Bailey Tech Group QB <61083822.deca>,February - 2020,52,Bailey Tech Group QB <61083822.deca>,16,16: September - 2024,September - 2024,2,6,yes
16: March - 2020,The Academy Palomar,March,2020,"$88,072.75","$87,461.5",$611.25,99.305971483802%,12-01-2020 04:03 PM,12-06-2020 09:37 PM,Bailey Tech Group QB <61083822.deca>,March - 2020,70,Bailey Tech Group QB <61083822.deca>,16,16: September - 2024,September - 2024,3,7,yes
16: April - 2020,The Academy Palomar,April,2020,"$87,867.5","$81,831.25","$6,036.25",93.130281389592%,12-01-2020 04:05 PM,12-06-2020 09:37 PM,Bailey Tech Group QB <61083822.deca>,April - 2020,88,Bailey Tech Group QB <61083822.deca>,16,16: September - 2024,September - 2024,4,8,yes
16: May - 2020,The Academy Palomar,May,2020,"$86,809.5","$79,083.25","$7,726.25",91.099764426704%,12-01-2020 04:21 PM,12-06-2020 09:37 PM,Bailey Tech Group QB <61083822.deca>,May - 2020,106,Bailey Tech Group QB <61083822.deca>,16,16: September - 2024,September - 2024,5,9,yes
16: June - 2020,The Academy Palomar,June,2020,"$79,324.5","$70,714.5","$8,610",89.145850273245%,12-01-2020 04:24 PM,12-06-2020 09:37 PM,Bailey Tech Group QB <61083822.deca>,June - 2020,124,Bailey Tech Group QB <61083822.deca>,16,16: September - 2024,September - 2024,6,10,yes
16: July - 2020,The Academy Palomar,July,2020,"$58,324.5","$52,131.5","$6,193",89.381820675702%,12-01-2020 04:26 PM,12-06-2020 09:37 PM,Bailey Tech Group QB <61083822.deca>,July - 2020,142,Bailey Tech Group QB <61083822.deca>,16,16: September - 2024,September - 2024,7,11,yes
16: August - 2020,The Academy Palomar,August,2020,"$89,022","$82,097","$6,925",92.221024016535%,12-01-2020 04:28 PM,12-06-2020 09:37 PM,Bailey Tech Group QB <61083822.deca>,August - 2020,160,Bailey Tech Group QB <61083822.deca>,16,16: September - 2024,September - 2024,8,12,yes
16: September - 2020,The Academy Palomar,September,2020,"$154,599.5","$151,724.25","$2,875.25",98.14019450257%,12-01-2020 04:31 PM,12-06-2020 09:37 PM,Bailey Tech Group QB <61083822.deca>,September - 2020,178,Bailey Tech Group QB <61083822.deca>,16,16: September - 2024,September - 2024,9,1,yes
16: October - 2020,The Academy Palomar,October,2020,"$157,443.3","$156,003.3","$1,440",99.085385024323%,12-01-2020 04:34 PM,12-06-2020 09:37 PM,Bailey Tech Group QB <61083822.deca>,October - 2020,196,Bailey Tech Group QB <61083822.deca>,16,16: September - 2024,September - 2024,10,2,yes
16: November - 2020,The Academy Palomar,November,2020,"$155,891","$155,891",,100%,12-01-2020 04:36 PM,12-06-2020 11:29 PM,Bailey Tech Group QB <61083822.deca>,November - 2020,214,Bailey Tech Group QB <61083822.deca>,16,16: September - 2024,September - 2024,11,3,yes
16: January - 2021,The Academy Palomar,January,2021,"$151,394.5","$151,144.5",$250,99.83486850579%,01-04-2021 05:13 PM,01-25-2021 03:08 PM,JT Bailey <62477437.bhmt>,January - 2021,232,JT Bailey <62477437.bhmt>,16,16: September - 2024,September - 2024,1,5,yes
18: December - 2020,The Dean Campustown,December,2020,"$294,767.85","$274,323","$20,444.85",93.06408415979%,12-01-2020 03:44 PM,12-06-2020 11:26 PM,Bailey Tech Group QB <61083822.deca>,December - 2020,18,Bailey Tech Group QB <61083822.deca>,18,18: September - 2024,September - 2024,12,4,no
18: January - 2020,The Dean Campustown,January,2020,,$0,,,12-01-2020 03:54 PM,12-06-2020 09:37 PM,Bailey Tech Group QB <61083822.deca>,January - 2020,36,Bailey Tech Group QB <61083822.deca>,18,18: September - 2024,September - 2024,1,5,no
18: February - 2020,The Dean Campustown,February,2020,,$0,,,12-01-2020 04:00 PM,12-06-2020 09:37 PM,Bailey Tech Group QB <61083822.deca>,February - 2020,54,Bailey Tech Group QB <61083822.deca>,18,18: September - 2024,September - 2024,2,6,no
18: March - 2020,The Dean Campustown,March,2020,,$0,,,12-01-2020 04:03 PM,12-06-2020 09:37 PM,Bailey Tech Group QB <61083822.deca>,March - 2020,72,Bailey Tech Group QB <61083822.deca>,18,18: September - 2024,September - 2024,3,7,no
18: April - 2020,The Dean Campustown,April,2020,,$0,,,12-01-2020 04:05 PM,12-06-2020 09:37 PM,Bailey Tech Group QB <61083822.deca>,April - 2020,90,Bailey Tech Group QB <61083822.deca>,18,18: September - 2024,September - 2024,4,8,no
18: May - 2020,The Dean Campustown,May,2020,,$0,,,12-01-2020 04:21 PM,12-06-2020 09:37 PM,Bailey Tech Group QB <61083822.deca>,May - 2020,108,Bailey Tech Group QB <61083822.deca>,18,18: September - 2024,September - 2024,5,9,no
18: June - 2020,The Dean Campustown,June,2020,,$0,,,12-01-2020 04:24 PM,12-06-2020 09:37 PM,Bailey Tech Group QB <61083822.deca>,June - 2020,126,Bailey Tech Group QB <61083822.deca>,18,18: September - 2024,September - 2024,6,10,no
18: July - 2020,The Dean Campustown,July,2020,,$0,,,12-01-2020 04:26 PM,12-06-2020 09:37 PM,Bailey Tech Group QB <61083822.deca>,July - 2020,144,Bailey Tech Group QB <61083822.deca>,18,18: September - 2024,September - 2024,7,11,no
18: August - 2020,The Dean Campustown,August,2020,"$327,698","$299,770","$27,928",91.477518935117%,12-01-2020 04:28 PM,12-06-2020 09:37 PM,Bailey Tech Group QB <61083822.deca>,August - 2020,162,Bailey Tech Group QB <61083822.deca>,18,18: September - 2024,September - 2024,8,12,no
18: September - 2020,The Dean Campustown,September,2020,"$302,499","$292,363","$10,136",96.649245121471%,12-01-2020 04:31 PM,12-06-2020 09:37 PM,Bailey Tech Group QB <61083822.deca>,September - 2020,180,Bailey Tech Group QB <61083822.deca>,18,18: September - 2024,September - 2024,9,1,no
18: October - 2020,The Dean Campustown,October,2020,"$295,234","$289,295","$5,939",97.988375322625%,12-01-2020 04:34 PM,12-06-2020 09:37 PM,Bailey Tech Group QB <61083822.deca>,October - 2020,198,Bailey Tech Group QB <61083822.deca>,18,18: September - 2024,September - 2024,10,2,no
18: November - 2020,The Dean Campustown,November,2020,"$298,051.9","$293,114.88","$4,937.02",98.343570364759%,12-01-2020 04:36 PM,12-06-2020 11:29 PM,Bailey Tech Group QB <61083822.deca>,November - 2020,216,Bailey Tech Group QB <61083822.deca>,18,18: September - 2024,September - 2024,11,3,no
18: January - 2021,The Dean Campustown,January,2021,"$297,604.65","$289,957.9","$7,646.75",97.430567701143%,01-04-2021 05:13 PM,01-25-2021 03:08 PM,JT Bailey <62477437.bhmt>,January - 2021,234,JT Bailey <62477437.bhmt>,18,18: September - 2024,September - 2024,1,5,no
17: December - 2020,The Rise at Northgate,December,2020,"$371,906.51","$356,020.51","$15,886",95.728496390128%,12-01-2020 03:44 PM,12-06-2020 11:26 PM,Bailey Tech Group QB <61083822.deca>,December - 2020,17,Bailey Tech Group QB <61083822.deca>,17,17: September - 2024,September - 2024,12,4,no
17: January - 2020,The Rise at Northgate,January,2020,"$338,649.95","$338,619.95",$30,99.991141295016%,12-01-2020 03:54 PM,12-06-2020 09:37 PM,Bailey Tech Group QB <61083822.deca>,January - 2020,35,Bailey Tech Group QB <61083822.deca>,17,17: September - 2024,September - 2024,1,5,no
17: February - 2020,The Rise at Northgate,February,2020,"$341,042.25","$341,042.25",,100%,12-01-2020 04:00 PM,12-06-2020 09:37 PM,Bailey Tech Group QB <61083822.deca>,February - 2020,53,Bailey Tech Group QB <61083822.deca>,17,17: September - 2024,September - 2024,2,6,no
17: March - 2020,The Rise at Northgate,March,2020,"$343,435.29","$343,435.29",,100%,12-01-2020 04:03 PM,12-06-2020 09:37 PM,Bailey Tech Group QB <61083822.deca>,March - 2020,71,Bailey Tech Group QB <61083822.deca>,17,17: September - 2024,September - 2024,3,7,no
17: April - 2020,The Rise at Northgate,April,2020,"$341,450.75","$339,130.75","$2,320",99.320546228116%,12-01-2020 04:05 PM,12-06-2020 09:37 PM,Bailey Tech Group QB <61083822.deca>,April - 2020,89,Bailey Tech Group QB <61083822.deca>,17,17: September - 2024,September - 2024,4,8,no
17: May - 2020,The Rise at Northgate,May,2020,"$342,293.41","$337,201.09","$5,092.32",98.512293882608%,12-01-2020 04:21 PM,12-06-2020 09:37 PM,Bailey Tech Group QB <61083822.deca>,May - 2020,107,Bailey Tech Group QB <61083822.deca>,17,17: September - 2024,September - 2024,5,9,no
17: June - 2020,The Rise at Northgate,June,2020,"$341,316.81","$332,954","$8,362.81",97.54983939994%,12-01-2020 04:24 PM,12-06-2020 09:37 PM,Bailey Tech Group QB <61083822.deca>,June - 2020,125,Bailey Tech Group QB <61083822.deca>,17,17: September - 2024,September - 2024,6,10,no
17: July - 2020,The Rise at Northgate,July,2020,"$346,977.53","$343,309","$3,668.53",98.942718279192%,12-01-2020 04:26 PM,12-06-2020 09:37 PM,Bailey Tech Group QB <61083822.deca>,July - 2020,143,Bailey Tech Group QB <61083822.deca>,17,17: September - 2024,September - 2024,7,11,no
17: August - 2020,The Rise at Northgate,August,2020,"$352,864.98","$352,139.98",$725,99.794538976353%,12-01-2020 04:28 PM,12-06-2020 09:37 PM,Bailey Tech Group QB <61083822.deca>,August - 2020,161,Bailey Tech Group QB <61083822.deca>,17,17: September - 2024,September - 2024,8,12,no
17: September - 2020,The Rise at Northgate,September,2020,"$372,844.29","$368,858.92","$3,985.37",98.931089973243%,12-01-2020 04:31 PM,12-06-2020 09:37 PM,Bailey Tech Group QB <61083822.deca>,September - 2020,179,Bailey Tech Group QB <61083822.deca>,17,17: September - 2024,September - 2024,9,1,no
17: October - 2020,The Rise at Northgate,October,2020,"$372,133.9","$368,002.76","$4,131.14",98.88987807883%,12-01-2020 04:34 PM,12-06-2020 09:37 PM,Bailey Tech Group QB <61083822.deca>,October - 2020,197,Bailey Tech Group QB <61083822.deca>,17,17: September - 2024,September - 2024,10,2,no
17: November - 2020,The Rise at Northgate,November,2020,"$372,037.06","$368,281.13","$3,755.93",98.99044197371%,12-01-2020 04:36 PM,12-06-2020 11:29 PM,Bailey Tech Group QB <61083822.deca>,November - 2020,215,Bailey Tech Group QB <61083822.deca>,17,17: September - 2024,September - 2024,11,3,no
17: January - 2021,The Rise at Northgate,January,2021,"$372,128.73","$368,296.01","$3,832.72",98.97005533542%,01-04-2021 05:13 PM,01-25-2021 03:08 PM,JT Bailey <62477437.bhmt>,January - 2021,233,JT Bailey <62477437.bhmt>,17,17: September - 2024,September - 2024,1,5,no
