Record ID#,Refresh key: property,Floorplan Name,Refresh key: floorplan_name,Related Floorplan,rentable_unit_count,Floorplan - Total Beds,xAudit - Bed Variance,occupied_count,"Floorplan - # of Signed Leases, Current Term",preleased_count,xAudit - Lease Variance,approved_count,completed_count,Date Created,Date Modified,excluded_unit_count,Floorplan - Property Name,Floorplan - Rentable Beds,Floorplan - Unit Type,Last Modified By,preleased_new_count,preleased_renewal_count,Property - Floorplan,property_id,Record Owner,Refresh key,units,xProperty Name,xUnit Type,xSigned Leases
1066,Academy Lincoln,,Not Selected,,0,,0,0,,0,0,0,0,07-22-2024 02:15 AM,07-22-2024 02:15 AM,0,,,,Connected Data Service <3000.e5kr>,0,0,,,Connected Data Service <3000.e5kr>,Academy Lincoln_Not Selected,0,Academy Lincoln,,0
765,ANOVA uCity Square,A4,A4,348,20,20,0,18,20,0,20,19,1,07-12-2022 12:41 PM,07-22-2024 02:15 AM,0,ANOVA uCity Square,20,0 x 0,Connected Data Service <3000.e5kr>,0,0,,,Connected Data Service <3000.e5kr>,ANOVA uCity Square_A4,20,ANOVA uCity Square,,0
888,The Rise at Northgate,D3,D3,234,40,40,0,22,30,0,30,38,2,07-12-2022 12:41 PM,07-22-2024 02:15 AM,0,The Rise at Northgate,40,4 x 4,Connected Data Service <3000.e5kr>,0,0,,,Connected Data Service <3000.e5kr>,The Rise at Northgate_D3,40,The Rise at Northgate,,0
890,The Rise at Northgate,E2 Penthouse,E2,237,30,30,0,17,32,0,32,29,1,07-12-2022 12:41 PM,07-22-2024 02:15 AM,0,The Rise at Northgate,30,5 x 5,Connected Data Service <3000.e5kr>,0,0,,,Connected Data Service <3000.e5kr>,The Rise at Northgate_E2,30,The Rise at Northgate,,0
964,The Dean Reno,D3,D3,365,64,64,0,21,50,0,50,41,1,10-11-2022 02:14 AM,07-22-2024 02:15 AM,0,The Dean Reno,64,4 x 4,Connected Data Service <3000.e5kr>,0,0,,,Connected Data Service <3000.e5kr>,The Dean Reno_D3,64,The Dean Reno,,0
1033,The Caswell at Runnymeade,,B1,,83,,83,54,,0,0,51,1,02-03-2024 01:16 AM,07-22-2024 02:15 AM,2,,,,Connected Data Service <3000.e5kr>,0,0,,,Connected Data Service <3000.e5kr>,The Caswell at Runnymeade_B1,85,The Caswell at Runnymeade,,0
746,1047 Commonwealth Avenue,S3,S3,19,51,51,0,51,34,0,34,31,1,07-12-2022 12:41 PM,07-21-2024 02:15 AM,0,1047 Commonwealth Avenue,51,0 x 1,Connected Data Service <3000.e5kr>,0,0,,,Connected Data Service <3000.e5kr>,1047 Commonwealth Avenue_S3,51,1047 Commonwealth Avenue,,0
759,Academy Lincoln,D1,D1,60,472,472,0,452,489,0,489,465,1,07-12-2022 12:41 PM,07-21-2024 02:15 AM,0,Academy Lincoln,472,4 x 4,Connected Data Service <3000.e5kr>,0,0,,,Connected Data Service <3000.e5kr>,Academy Lincoln_D1,472,Academy Lincoln,,0
786,Shortbread Lofts,C1 (Private),C1,207,56,56,0,53,42,0,42,57,0,07-12-2022 12:41 PM,07-21-2024 02:15 AM,0,Shortbread Lofts,56,3 x 3,Connected Data Service <3000.e5kr>,0,0,,,Connected Data Service <3000.e5kr>,Shortbread Lofts_C1,56,Shortbread Lofts,,0
798,SOVA,D2,D2,93,88,88,0,88,106,0,106,91,1,07-12-2022 12:41 PM,07-21-2024 02:15 AM,0,SOVA,88,4 x 4,Connected Data Service <3000.e5kr>,0,0,,,Connected Data Service <3000.e5kr>,SOVA_D2,88,SOVA,,0
801,Station Nine,A1,A1,95,105,105,0,89,100,0,100,98,0,07-12-2022 12:41 PM,07-21-2024 02:15 AM,0,Station Nine,105,0 x 0,Connected Data Service <3000.e5kr>,0,0,,,Connected Data Service <3000.e5kr>,Station Nine_A1,105,Station Nine,,0
804,Station Nine,A3,A3,98,36,36,0,25,30,0,30,30,0,07-12-2022 12:41 PM,07-21-2024 02:15 AM,0,Station Nine,36,0 x 0,Connected Data Service <3000.e5kr>,0,0,,,Connected Data Service <3000.e5kr>,Station Nine_A3,36,Station Nine,,0
809,Station Nine,B1,B1,103,53,53,0,35,51,0,51,51,0,07-12-2022 12:41 PM,07-21-2024 02:15 AM,0,Station Nine,53,0 x 0,Connected Data Service <3000.e5kr>,0,0,,,Connected Data Service <3000.e5kr>,Station Nine_B1,53,Station Nine,,0
825,The Academy at Frisco,D1,D1,116,228,228,0,227,246,0,246,228,1,07-12-2022 12:41 PM,07-21-2024 02:15 AM,0,The Academy at Frisco,228,4 x 4,Connected Data Service <3000.e5kr>,0,0,,,Connected Data Service <3000.e5kr>,The Academy at Frisco_D1,228,The Academy at Frisco,,0
879,The Rise at Northgate,A1,A1,221,36,36,0,21,24,0,24,36,0,07-12-2022 12:41 PM,07-21-2024 02:15 AM,0,The Rise at Northgate,36,1 x 1,Connected Data Service <3000.e5kr>,0,0,,,Connected Data Service <3000.e5kr>,The Rise at Northgate_A1,36,The Rise at Northgate,,0
880,The Rise at Northgate,A2,A2,223,4,4,0,2,4,0,4,4,0,07-12-2022 12:41 PM,07-21-2024 02:15 AM,0,The Rise at Northgate,4,1 x 1,Connected Data Service <3000.e5kr>,0,0,,,Connected Data Service <3000.e5kr>,The Rise at Northgate_A2,4,The Rise at Northgate,,0
881,The Rise at Northgate,A3 Penthouse,A3,224,1,1,0,0,1,0,1,1,0,07-12-2022 12:41 PM,07-21-2024 02:15 AM,0,The Rise at Northgate,1,1 x 1.5,Connected Data Service <3000.e5kr>,0,0,,,Connected Data Service <3000.e5kr>,The Rise at Northgate_A3,1,The Rise at Northgate,,0
882,The Rise at Northgate,B1,B1,225,42,42,0,24,28,0,28,41,0,07-12-2022 12:41 PM,07-21-2024 02:15 AM,0,The Rise at Northgate,42,2 x 2,Connected Data Service <3000.e5kr>,0,0,,,Connected Data Service <3000.e5kr>,The Rise at Northgate_B1,42,The Rise at Northgate,,0
883,The Rise at Northgate,B2 Penthouse,B2,228,4,4,0,1,4,0,4,3,0,07-12-2022 12:41 PM,07-21-2024 02:15 AM,0,The Rise at Northgate,4,2 x 2.5,Connected Data Service <3000.e5kr>,0,0,,,Connected Data Service <3000.e5kr>,The Rise at Northgate_B2,4,The Rise at Northgate,,0
886,The Rise at Northgate,D1,D1,231,252,252,0,135,182,0,182,241,7,07-12-2022 12:41 PM,07-21-2024 02:15 AM,0,The Rise at Northgate,252,4 x 4,Connected Data Service <3000.e5kr>,0,0,,,Connected Data Service <3000.e5kr>,The Rise at Northgate_D1,252,The Rise at Northgate,,0
887,The Rise at Northgate,D2,D2,233,4,4,0,2,4,0,4,4,0,07-12-2022 12:41 PM,07-21-2024 02:15 AM,0,The Rise at Northgate,4,4 x 4,Connected Data Service <3000.e5kr>,0,0,,,Connected Data Service <3000.e5kr>,The Rise at Northgate_D2,4,The Rise at Northgate,,0
889,The Rise at Northgate,E1 Penthouse,E1,236,15,15,0,7,16,0,16,15,0,07-12-2022 12:41 PM,07-21-2024 02:15 AM,0,The Rise at Northgate,15,5 x 5,Connected Data Service <3000.e5kr>,0,0,,,Connected Data Service <3000.e5kr>,The Rise at Northgate_E1,15,The Rise at Northgate,,0
891,The Rise at Northgate,E3 Penthouse,E3,238,5,5,0,4,5,0,5,5,0,07-12-2022 12:41 PM,07-21-2024 02:15 AM,0,The Rise at Northgate,5,5 x 5,Connected Data Service <3000.e5kr>,0,0,,,Connected Data Service <3000.e5kr>,The Rise at Northgate_E3,5,The Rise at Northgate,,0
892,The Rise at Northgate,F1 Penthouse,F1,239,6,6,0,1,6,0,6,6,0,07-12-2022 12:41 PM,07-21-2024 02:15 AM,0,The Rise at Northgate,6,6 x 6,Connected Data Service <3000.e5kr>,0,0,,,Connected Data Service <3000.e5kr>,The Rise at Northgate_F1,6,The Rise at Northgate,,0
894,The Rise at Northgate,S1,S1,218,21,21,0,12,16,0,16,21,0,07-12-2022 12:41 PM,07-21-2024 02:15 AM,0,The Rise at Northgate,21,0 x 1,Connected Data Service <3000.e5kr>,0,0,,,Connected Data Service <3000.e5kr>,The Rise at Northgate_S1,21,The Rise at Northgate,,0
919,Torre,D1,D1,306,28,28,0,27,24,0,24,21,1,07-12-2022 12:41 PM,07-21-2024 02:15 AM,0,Torre,28,0 x 0,Connected Data Service <3000.e5kr>,0,0,,,Connected Data Service <3000.e5kr>,Torre_D1,28,Torre,,0
1018,Venue at North Campus,D3,D3,408,192,192,0,175,162,0,162,131,5,11-14-2023 01:15 AM,07-21-2024 02:15 AM,0,The Venue at North Campus,192,4 x 4,Connected Data Service <3000.e5kr>,0,0,,,Connected Data Service <3000.e5kr>,Venue at North Campus_D3,192,Venue at North Campus,,0
1019,Venue at North Campus,E,E,409,120,120,0,111,133,0,133,121,1,11-14-2023 01:15 AM,07-21-2024 02:15 AM,0,The Venue at North Campus,120,5 x 5,Connected Data Service <3000.e5kr>,0,0,,,Connected Data Service <3000.e5kr>,Venue at North Campus_E,120,Venue at North Campus,,0
1035,The Caswell at Runnymeade,,B2,,38,,38,21,,0,0,23,0,02-03-2024 01:16 AM,07-21-2024 02:15 AM,0,,,,Connected Data Service <3000.e5kr>,0,0,,,Connected Data Service <3000.e5kr>,The Caswell at Runnymeade_B2,38,The Caswell at Runnymeade,,0
722,Academy 65,D3 Semi-Shared,D3 Semi-Shared,344,120,120,0,91,92,0,92,81,0,07-12-2022 11:07 AM,07-20-2024 02:20 AM,0,Academy 65,120,0 x 0,Connected Data Service <3000.e5kr>,0,0,,,Connected Data Service <3000.e5kr>,Academy 65_D3 Semi-Shared,120,Academy 65,,0
769,ANOVA uCity Square,A8,A8,352,186,186,0,156,168,0,168,159,1,07-12-2022 12:41 PM,07-20-2024 02:20 AM,0,ANOVA uCity Square,186,0 x 0,Connected Data Service <3000.e5kr>,0,0,,,Connected Data Service <3000.e5kr>,ANOVA uCity Square_A8,186,ANOVA uCity Square,,0
774,ANOVA uCity Square,S1,S1,357,168,168,0,123,160,0,160,136,1,07-12-2022 12:41 PM,07-20-2024 02:20 AM,0,ANOVA uCity Square,168,0 x 0,Connected Data Service <3000.e5kr>,0,0,,,Connected Data Service <3000.e5kr>,ANOVA uCity Square_S1,168,ANOVA uCity Square,,0
813,Station Nine,B3,B3,107,27,27,0,26,27,0,27,27,0,07-12-2022 12:41 PM,07-20-2024 02:20 AM,0,Station Nine,27,0 x 0,Connected Data Service <3000.e5kr>,0,0,,,Connected Data Service <3000.e5kr>,Station Nine_B3,27,Station Nine,,0
819,The Academy at Frisco,A1,A1,110,31,31,0,31,35,0,35,31,0,07-12-2022 12:41 PM,07-20-2024 02:20 AM,0,The Academy at Frisco,31,1 x 1,Connected Data Service <3000.e5kr>,0,0,,,Connected Data Service <3000.e5kr>,The Academy at Frisco_A1,31,The Academy at Frisco,,0
869,The Dean Campustown,D1,D1,172,56,56,0,54,44,0,44,42,1,07-12-2022 12:41 PM,07-20-2024 02:20 AM,0,The Dean Campustown,56,4 x 2,Connected Data Service <3000.e5kr>,0,0,,,Connected Data Service <3000.e5kr>,The Dean Campustown_D1,56,The Dean Campustown,,0
922,Torre,D3 - SEMI-SHARED,D3 - SEMI-SHARED,309,12,12,0,6,10,0,10,9,0,07-12-2022 12:41 PM,07-20-2024 02:20 AM,0,Torre,12,0 x 0,Connected Data Service <3000.e5kr>,0,0,,,Connected Data Service <3000.e5kr>,Torre_D3 - SEMI-SHARED,12,Torre,,0
953,Torre,TH - F5,TH - F5,340,18,18,0,17,18,0,18,17,0,07-12-2022 12:41 PM,07-20-2024 02:20 AM,0,Torre,18,0 x 0,Connected Data Service <3000.e5kr>,0,0,,,Connected Data Service <3000.e5kr>,Torre_TH - F5,18,Torre,,0
967,The Dean Reno,E1,E1,368,90,90,0,84,74,0,74,71,1,10-11-2022 02:14 AM,07-20-2024 02:20 AM,0,The Dean Reno,90,5 x 3,Connected Data Service <3000.e5kr>,0,0,,,Connected Data Service <3000.e5kr>,The Dean Reno_E1,90,The Dean Reno,,0
1016,Venue at North Campus,D1,D1,406,256,256,0,227,221,0,221,202,0,11-14-2023 01:15 AM,07-20-2024 02:20 AM,0,The Venue at North Campus,256,4 x 4,Connected Data Service <3000.e5kr>,0,0,,,Connected Data Service <3000.e5kr>,Venue at North Campus_D1,256,Venue at North Campus,,0
1065,Shortbread Lofts,,Not Selected,,0,,0,0,,0,0,0,0,07-19-2024 02:15 AM,07-19-2024 02:15 AM,0,,,,Connected Data Service <3000.e5kr>,0,0,,,Connected Data Service <3000.e5kr>,Shortbread Lofts_Not Selected,0,Shortbread Lofts,,0
733,1008 S. 4th,D1 Balcony,D1 Balcony,8,16,16,0,16,16,0,16,16,0,07-12-2022 12:41 PM,07-19-2024 02:15 AM,0,Campustown 1008 S. 4th,16,4 x 2,Connected Data Service <3000.e5kr>,0,0,,,Connected Data Service <3000.e5kr>,1008 S. 4th_D1 Balcony,16,1008 S. 4th,,0
794,SOVA,B1,B1,87,64,64,0,63,82,0,82,68,0,07-12-2022 12:41 PM,07-19-2024 02:15 AM,0,SOVA,64,2 x 2,Connected Data Service <3000.e5kr>,0,0,,,Connected Data Service <3000.e5kr>,SOVA_B1,64,SOVA,,0
796,SOVA,C1,C1,89,66,66,0,66,85,0,85,68,0,07-12-2022 12:41 PM,07-19-2024 02:15 AM,0,SOVA,66,3 x 3,Connected Data Service <3000.e5kr>,0,0,,,Connected Data Service <3000.e5kr>,SOVA_C1,66,SOVA,,0
797,SOVA,D1,D1,90,308,308,0,305,346,0,346,315,1,07-12-2022 12:41 PM,07-19-2024 02:15 AM,0,SOVA,308,4 x 4,Connected Data Service <3000.e5kr>,0,0,,,Connected Data Service <3000.e5kr>,SOVA_D1,308,SOVA,,0
799,SOVA,D3,D3,94,240,240,0,238,263,0,263,244,1,07-12-2022 12:41 PM,07-19-2024 02:15 AM,0,SOVA,240,4 x 4,Connected Data Service <3000.e5kr>,0,0,,,Connected Data Service <3000.e5kr>,SOVA_D3,240,SOVA,,0
806,Station Nine,A4,A4,100,8,8,0,2,4,0,4,4,0,07-12-2022 12:41 PM,07-19-2024 02:15 AM,0,Station Nine,8,0 x 0,Connected Data Service <3000.e5kr>,0,0,,,Connected Data Service <3000.e5kr>,Station Nine_A4,8,Station Nine,,0
811,Station Nine,B2,B2,105,21,21,0,13,21,0,21,19,0,07-12-2022 12:41 PM,07-19-2024 02:15 AM,0,Station Nine,21,0 x 0,Connected Data Service <3000.e5kr>,0,0,,,Connected Data Service <3000.e5kr>,Station Nine_B2,21,Station Nine,,0
823,The Academy at Frisco,B3,B3,114,10,10,0,10,14,0,14,10,1,07-12-2022 12:41 PM,07-19-2024 02:15 AM,0,The Academy at Frisco,10,2 x 2,Connected Data Service <3000.e5kr>,0,0,,,Connected Data Service <3000.e5kr>,The Academy at Frisco_B3,10,The Academy at Frisco,,0
866,The Dean Campustown,B2,B2,167,28,28,0,28,29,0,29,29,0,07-12-2022 12:41 PM,07-19-2024 02:15 AM,0,The Dean Campustown,28,2 x 1,Connected Data Service <3000.e5kr>,0,0,,,Connected Data Service <3000.e5kr>,The Dean Campustown_B2,28,The Dean Campustown,,0
870,The Dean Campustown,D2,D2,173,56,56,0,55,57,0,57,52,1,07-12-2022 12:41 PM,07-19-2024 02:15 AM,0,The Dean Campustown,56,4 x 2,Connected Data Service <3000.e5kr>,0,0,,,Connected Data Service <3000.e5kr>,The Dean Campustown_D2,56,The Dean Campustown,,0
874,The Dean Campustown,M1,M1,177,84,84,0,82,90,0,90,84,0,07-12-2022 12:41 PM,07-19-2024 02:15 AM,0,The Dean Campustown,84,0 x 1,Connected Data Service <3000.e5kr>,0,0,,,Connected Data Service <3000.e5kr>,The Dean Campustown_M1,84,The Dean Campustown,,0
946,Torre,TH - D8 - SEMI-SHARED,TH - D8 - SEMI-SHARED,333,6,6,0,3,6,0,6,6,0,07-12-2022 12:41 PM,07-19-2024 02:15 AM,0,Torre,6,0 x 0,Connected Data Service <3000.e5kr>,0,0,,,Connected Data Service <3000.e5kr>,Torre_TH - D8 - SEMI-SHARED,6,Torre,,0
962,The Dean Reno,D1,D1,363,180,180,0,118,164,0,164,137,0,10-11-2022 02:14 AM,07-19-2024 02:15 AM,0,The Dean Reno,180,4 x 4,Connected Data Service <3000.e5kr>,0,0,,,Connected Data Service <3000.e5kr>,The Dean Reno_D1,180,The Dean Reno,,0
963,The Dean Reno,D2,D2,364,140,140,0,92,120,0,120,111,0,10-11-2022 02:14 AM,07-19-2024 02:15 AM,0,The Dean Reno,140,4 x 4,Connected Data Service <3000.e5kr>,0,0,,,Connected Data Service <3000.e5kr>,The Dean Reno_D2,140,The Dean Reno,,0
965,The Dean Reno,D4,D4,366,45,45,0,27,28,0,28,21,1,10-11-2022 02:14 AM,07-19-2024 02:15 AM,0,The Dean Reno,45,5 x 4,Connected Data Service <3000.e5kr>,0,0,,,Connected Data Service <3000.e5kr>,The Dean Reno_D4,45,The Dean Reno,,0
969,The Dean Reno,E3,E3,369,45,45,0,41,40,0,40,36,0,10-11-2022 02:14 AM,07-19-2024 02:15 AM,0,The Dean Reno,45,5 x 3,Connected Data Service <3000.e5kr>,0,0,,,Connected Data Service <3000.e5kr>,The Dean Reno_E3,45,The Dean Reno,,0
989,The Dean Reno,E1 Alt,E1 Alt,403,45,45,0,31,37,0,37,37,0,08-29-2023 03:16 AM,07-19-2024 02:15 AM,0,The Dean Reno,45,5 x 3,Connected Data Service <3000.e5kr>,0,0,,,Connected Data Service <3000.e5kr>,The Dean Reno_E1 Alt,45,The Dean Reno,,0
1015,Venue at North Campus,B,B,405,96,96,0,82,105,0,105,94,0,11-14-2023 01:15 AM,07-19-2024 02:15 AM,0,The Venue at North Campus,96,2 x 2,Connected Data Service <3000.e5kr>,0,0,,,Connected Data Service <3000.e5kr>,Venue at North Campus_B,96,Venue at North Campus,,0
698,501 S. 6th,C1,C1,29,12,12,0,12,12,0,12,12,0,07-12-2022 11:07 AM,07-18-2024 02:15 AM,0,Campustown 501 S. 6th,12,3 x 2,Connected Data Service <3000.e5kr>,0,0,,,Connected Data Service <3000.e5kr>,501 S. 6th_C1,12,501 S. 6th,,0
699,501 S. 6th,C2,C2,30,12,12,0,12,12,0,12,12,0,07-12-2022 11:07 AM,07-18-2024 02:15 AM,0,Campustown 501 S. 6th,12,3 x 2,Connected Data Service <3000.e5kr>,0,0,,,Connected Data Service <3000.e5kr>,501 S. 6th_C2,12,501 S. 6th,,0
700,501 S. 6th,D1,D1,31,16,16,0,16,16,0,16,16,0,07-12-2022 11:07 AM,07-18-2024 02:15 AM,0,Campustown 501 S. 6th,16,4 x 2,Connected Data Service <3000.e5kr>,0,0,,,Connected Data Service <3000.e5kr>,501 S. 6th_D1,16,501 S. 6th,,0
701,501 S. 6th,D2,D2,32,16,16,0,16,17,0,17,16,0,07-12-2022 11:07 AM,07-18-2024 02:15 AM,0,Campustown 501 S. 6th,16,4 x 2,Connected Data Service <3000.e5kr>,0,0,,,Connected Data Service <3000.e5kr>,501 S. 6th_D2,16,501 S. 6th,,0
703,501 S. 6th,E1 Townhome,E1 Townhome,34,20,20,0,20,22,0,22,20,0,07-12-2022 11:07 AM,07-18-2024 02:15 AM,0,Campustown 501 S. 6th,20,5 x 4,Connected Data Service <3000.e5kr>,0,0,,,Connected Data Service <3000.e5kr>,501 S. 6th_E1 Townhome,20,501 S. 6th,,0
706,908 S. 1st,A1,A1,36,16,16,0,15,17,0,17,16,0,07-12-2022 11:07 AM,07-18-2024 02:15 AM,0,Campustown 908 S. 1st,16,1 x 1,Connected Data Service <3000.e5kr>,0,0,,,Connected Data Service <3000.e5kr>,908 S. 1st_A1,16,908 S. 1st,,0
707,908 S. 1st,B1,B1,38,8,8,0,8,8,0,8,8,0,07-12-2022 11:07 AM,07-18-2024 02:15 AM,0,Campustown 908 S. 1st,8,2 x 1,Connected Data Service <3000.e5kr>,0,0,,,Connected Data Service <3000.e5kr>,908 S. 1st_B1,8,908 S. 1st,,0
710,908 S. 1st,D1,D1,41,16,16,0,16,16,0,16,16,0,07-12-2022 11:07 AM,07-18-2024 02:15 AM,0,Campustown 908 S. 1st,16,4 x 4,Connected Data Service <3000.e5kr>,0,0,,,Connected Data Service <3000.e5kr>,908 S. 1st_D1,16,908 S. 1st,,0
711,908 S. 1st,M1 Murphy,M1 Murphy,43,12,12,0,10,13,0,13,11,0,07-12-2022 11:07 AM,07-18-2024 02:15 AM,0,Campustown 908 S. 1st,12,0 x 0,Connected Data Service <3000.e5kr>,0,0,,,Connected Data Service <3000.e5kr>,908 S. 1st_M1 Murphy,12,908 S. 1st,,0
731,1008 S. 4th,C1,C1,6,12,12,0,12,12,0,12,12,0,07-12-2022 12:41 PM,07-18-2024 02:15 AM,0,Campustown 1008 S. 4th,12,3 x 3,Connected Data Service <3000.e5kr>,0,0,,,Connected Data Service <3000.e5kr>,1008 S. 4th_C1,12,1008 S. 4th,,0
732,1008 S. 4th,D1,D1,7,16,16,0,16,16,0,16,16,0,07-12-2022 12:41 PM,07-18-2024 02:15 AM,0,Campustown 1008 S. 4th,16,4 x 2,Connected Data Service <3000.e5kr>,0,0,,,Connected Data Service <3000.e5kr>,1008 S. 4th_D1,16,1008 S. 4th,,0
734,1008 S. 4th,D2,D2,9,48,48,0,46,48,0,48,48,0,07-12-2022 12:41 PM,07-18-2024 02:15 AM,0,Campustown 1008 S. 4th,48,4 x 4,Connected Data Service <3000.e5kr>,0,0,,,Connected Data Service <3000.e5kr>,1008 S. 4th_D2,48,1008 S. 4th,,0
737,1008 S. 4th,M1 Murphy Balcony,M1 Murphy Balcony,12,12,12,0,9,13,0,13,12,0,07-12-2022 12:41 PM,07-18-2024 02:15 AM,0,Campustown 1008 S. 4th,12,0 x 1,Connected Data Service <3000.e5kr>,0,0,,,Connected Data Service <3000.e5kr>,1008 S. 4th_M1 Murphy Balcony,12,1008 S. 4th,,0
739,1008 S. 4th,S1,S1,13,4,4,0,4,4,0,4,4,0,07-12-2022 12:41 PM,07-18-2024 02:15 AM,0,Campustown 1008 S. 4th,4,0 x 1,Connected Data Service <3000.e5kr>,0,0,,,Connected Data Service <3000.e5kr>,1008 S. 4th_S1,4,1008 S. 4th,,0
753,307 E. Daniel,D1,D1,26,40,40,0,39,39,0,39,39,0,07-12-2022 12:41 PM,07-18-2024 02:15 AM,0,Campustown 307 E. Daniel,40,4 x 4,Connected Data Service <3000.e5kr>,0,0,,,Connected Data Service <3000.e5kr>,307 E. Daniel_D1,40,307 E. Daniel,,0
768,ANOVA uCity Square,A7,A7,351,5,5,0,4,5,0,5,4,0,07-12-2022 12:41 PM,07-18-2024 02:15 AM,0,ANOVA uCity Square,5,0 x 0,Connected Data Service <3000.e5kr>,0,0,,,Connected Data Service <3000.e5kr>,ANOVA uCity Square_A7,5,ANOVA uCity Square,,0
788,Shortbread Lofts,C3 (Private),C3,210,20,20,0,20,10,0,10,20,0,07-12-2022 12:41 PM,07-18-2024 02:15 AM,0,Shortbread Lofts,20,3 x 3,Connected Data Service <3000.e5kr>,0,0,,,Connected Data Service <3000.e5kr>,Shortbread Lofts_C3,20,Shortbread Lofts,,0
791,Shortbread Lofts,D2 (Private),D2,216,9,9,0,9,9,0,9,9,0,07-12-2022 12:41 PM,07-18-2024 02:15 AM,0,Shortbread Lofts,9,4 x 4,Connected Data Service <3000.e5kr>,0,0,,,Connected Data Service <3000.e5kr>,Shortbread Lofts_D2,9,Shortbread Lofts,,0
812,Station Nine,B2 Loft,B2 Loft,106,7,7,0,2,4,0,4,4,0,07-12-2022 12:41 PM,07-18-2024 02:15 AM,0,Station Nine,7,0 x 0,Connected Data Service <3000.e5kr>,0,0,,,Connected Data Service <3000.e5kr>,Station Nine_B2 Loft,7,Station Nine,,0
1027,The Caswell at Runnymeade,,A3,,16,,16,14,,0,0,10,0,02-03-2024 01:16 AM,07-18-2024 02:15 AM,0,,,,Connected Data Service <3000.e5kr>,0,0,,,Connected Data Service <3000.e5kr>,The Caswell at Runnymeade_A3,16,The Caswell at Runnymeade,,0
1037,The Caswell at Runnymeade,,B3.3,,2,,2,1,,0,0,0,0,02-03-2024 01:16 AM,07-18-2024 02:15 AM,0,,,,Connected Data Service <3000.e5kr>,0,0,,,Connected Data Service <3000.e5kr>,The Caswell at Runnymeade_B3.3,2,The Caswell at Runnymeade,,0
1038,The Caswell at Runnymeade,,C1,,16,,16,10,,0,0,10,0,02-03-2024 01:16 AM,07-18-2024 02:15 AM,0,,,,Connected Data Service <3000.e5kr>,0,0,,,Connected Data Service <3000.e5kr>,The Caswell at Runnymeade_C1,16,The Caswell at Runnymeade,,0
1039,The Caswell at Runnymeade,,C2,,32,,32,22,,0,0,20,1,02-03-2024 01:16 AM,07-18-2024 02:15 AM,0,,,,Connected Data Service <3000.e5kr>,0,0,,,Connected Data Service <3000.e5kr>,The Caswell at Runnymeade_C2,32,The Caswell at Runnymeade,,0
735,1008 S. 4th,D3 Balcony,D3 Balcony,10,12,12,0,12,13,0,13,12,0,07-12-2022 12:41 PM,07-17-2024 02:15 AM,0,Campustown 1008 S. 4th,12,4 x 4,Connected Data Service <3000.e5kr>,0,0,,,Connected Data Service <3000.e5kr>,1008 S. 4th_D3 Balcony,12,1008 S. 4th,,0
744,1047 Commonwealth Avenue,S11,S11,17,24,24,0,22,21,0,21,20,0,07-12-2022 12:41 PM,07-17-2024 02:15 AM,0,1047 Commonwealth Avenue,24,0 x 1,Connected Data Service <3000.e5kr>,0,0,,,Connected Data Service <3000.e5kr>,1047 Commonwealth Avenue_S11,24,1047 Commonwealth Avenue,,0
755,Academy Lincoln,B1,B1,55,30,30,0,30,32,0,32,29,0,07-12-2022 12:41 PM,07-17-2024 02:15 AM,0,Academy Lincoln,30,2 x 2,Connected Data Service <3000.e5kr>,0,0,,,Connected Data Service <3000.e5kr>,Academy Lincoln_B1,30,Academy Lincoln,,0
758,Academy Lincoln,C1,C1,58,42,42,0,41,40,0,40,40,0,07-12-2022 12:41 PM,07-17-2024 02:15 AM,0,Academy Lincoln,42,3 x 3,Connected Data Service <3000.e5kr>,0,0,,,Connected Data Service <3000.e5kr>,Academy Lincoln_C1,42,Academy Lincoln,,0
762,ANOVA uCity Square,A1,A1,345,6,6,0,4,5,0,5,4,0,07-12-2022 12:41 PM,07-17-2024 02:15 AM,0,ANOVA uCity Square,6,0 x 0,Connected Data Service <3000.e5kr>,0,0,,,Connected Data Service <3000.e5kr>,ANOVA uCity Square_A1,6,ANOVA uCity Square,,0
871,The Dean Campustown,D3,D3,174,56,56,0,53,57,0,57,51,2,07-12-2022 12:41 PM,07-17-2024 02:15 AM,0,The Dean Campustown,56,4 x 4,Connected Data Service <3000.e5kr>,0,0,,,Connected Data Service <3000.e5kr>,The Dean Campustown_D3,56,The Dean Campustown,,0
872,The Dean Campustown,D4,D4,175,56,56,0,56,59,0,59,54,2,07-12-2022 12:41 PM,07-17-2024 02:15 AM,0,The Dean Campustown,56,4 x 4,Connected Data Service <3000.e5kr>,0,0,,,Connected Data Service <3000.e5kr>,The Dean Campustown_D4,56,The Dean Campustown,,0
877,The Dean Campustown,S2,S2,179,28,28,0,27,29,0,29,27,1,07-12-2022 12:41 PM,07-17-2024 02:15 AM,0,The Dean Campustown,28,0 x 1,Connected Data Service <3000.e5kr>,0,0,,,Connected Data Service <3000.e5kr>,The Dean Campustown_S2,28,The Dean Campustown,,0
906,Torre,B5 - SHARED,B5 - SHARED,290,44,44,0,39,46,0,46,44,0,07-12-2022 12:41 PM,07-17-2024 02:15 AM,0,Torre,44,0 x 0,Connected Data Service <3000.e5kr>,0,0,,,Connected Data Service <3000.e5kr>,Torre_B5 - SHARED,44,Torre,,0
966,The Dean Reno,D5,D5,367,36,36,0,26,27,0,27,27,0,10-11-2022 02:14 AM,07-17-2024 02:15 AM,0,The Dean Reno,36,4 x 3,Connected Data Service <3000.e5kr>,0,0,,,Connected Data Service <3000.e5kr>,The Dean Reno_D5,36,The Dean Reno,,0
717,Academy 65,B1 Semi-Shared,B1 Semi-Shared,341,21,21,0,17,20,0,20,19,0,07-12-2022 11:07 AM,07-16-2024 02:15 AM,0,Academy 65,21,0 x 0,Connected Data Service <3000.e5kr>,0,0,,,Connected Data Service <3000.e5kr>,Academy 65_B1 Semi-Shared,21,Academy 65,,0
725,Academy 65,S2,S2,54,5,5,0,4,7,0,7,4,0,07-12-2022 11:07 AM,07-16-2024 02:15 AM,0,Academy 65,5,0 x 1,Connected Data Service <3000.e5kr>,0,0,,,Connected Data Service <3000.e5kr>,Academy 65_S2,5,Academy 65,,0
943,Torre,TH - D5,TH - D5,330,16,16,0,15,17,0,17,16,0,07-12-2022 12:41 PM,07-16-2024 02:15 AM,0,Torre,16,0 x 0,Connected Data Service <3000.e5kr>,0,0,,,Connected Data Service <3000.e5kr>,Torre_TH - D5,16,Torre,,0
1014,Venue at North Campus,A,A,404,6,6,0,5,8,0,8,6,0,11-14-2023 01:15 AM,07-16-2024 02:15 AM,0,The Venue at North Campus,6,1 x 1,Connected Data Service <3000.e5kr>,0,0,,,Connected Data Service <3000.e5kr>,Venue at North Campus_A,6,Venue at North Campus,,0
1017,Venue at North Campus,D2,D2,407,64,64,0,53,64,0,64,53,0,11-14-2023 01:15 AM,07-16-2024 02:15 AM,0,The Venue at North Campus,64,4 x 4,Connected Data Service <3000.e5kr>,0,0,,,Connected Data Service <3000.e5kr>,Venue at North Campus_D2,64,Venue at North Campus,,0
1029,The Caswell at Runnymeade,,A5.1,,6,,6,6,,0,0,5,0,02-03-2024 01:16 AM,07-16-2024 02:15 AM,0,,,,Connected Data Service <3000.e5kr>,0,0,,,Connected Data Service <3000.e5kr>,The Caswell at Runnymeade_A5.1,6,The Caswell at Runnymeade,,0
1034,The Caswell at Runnymeade,,B1.2,,7,,7,6,,0,0,6,0,02-03-2024 01:16 AM,07-16-2024 02:15 AM,0,,,,Connected Data Service <3000.e5kr>,0,0,,,Connected Data Service <3000.e5kr>,The Caswell at Runnymeade_B1.2,7,The Caswell at Runnymeade,,0
718,Academy 65,C1 Study,C1 Study,343,3,3,0,2,4,0,4,3,0,07-12-2022 11:07 AM,07-13-2024 02:15 AM,0,Academy 65,3,0 x 0,Connected Data Service <3000.e5kr>,0,0,,,Connected Data Service <3000.e5kr>,Academy 65_C1 Study,3,Academy 65,,0
719,Academy 65,D1 Balcony,D1 Balcony,342,40,40,0,23,24,0,24,20,0,07-12-2022 11:07 AM,07-13-2024 02:15 AM,0,Academy 65,40,0 x 0,Connected Data Service <3000.e5kr>,0,0,,,Connected Data Service <3000.e5kr>,Academy 65_D1 Balcony,40,Academy 65,,0
802,Station Nine,A1 Loft,A1 Loft,96,26,26,0,17,19,0,19,18,0,07-12-2022 12:41 PM,07-13-2024 02:15 AM,0,Station Nine,26,0 x 0,Connected Data Service <3000.e5kr>,0,0,,,Connected Data Service <3000.e5kr>,Station Nine_A1 Loft,26,Station Nine,,0
1028,The Caswell at Runnymeade,,A4,,16,,16,15,,0,0,13,0,02-03-2024 01:16 AM,07-13-2024 02:15 AM,0,,,,Connected Data Service <3000.e5kr>,0,0,,,Connected Data Service <3000.e5kr>,The Caswell at Runnymeade_A4,16,The Caswell at Runnymeade,,0
763,ANOVA uCity Square,A2,A2,346,17,17,0,14,17,0,17,16,0,07-12-2022 12:41 PM,07-12-2024 02:15 AM,0,ANOVA uCity Square,17,0 x 0,Connected Data Service <3000.e5kr>,0,0,,,Connected Data Service <3000.e5kr>,ANOVA uCity Square_A2,17,ANOVA uCity Square,,0
766,ANOVA uCity Square,A5,A5,349,6,6,0,4,4,0,4,4,0,07-12-2022 12:41 PM,07-12-2024 02:15 AM,0,ANOVA uCity Square,6,0 x 0,Connected Data Service <3000.e5kr>,0,0,,,Connected Data Service <3000.e5kr>,ANOVA uCity Square_A5,6,ANOVA uCity Square,,0
771,ANOVA uCity Square,B2,B2,354,22,22,0,20,22,0,22,21,0,07-12-2022 12:41 PM,07-11-2024 02:16 AM,0,ANOVA uCity Square,22,0 x 0,Connected Data Service <3000.e5kr>,0,0,,,Connected Data Service <3000.e5kr>,ANOVA uCity Square_B2,22,ANOVA uCity Square,,0
793,SOVA,A1,A1,86,20,20,0,19,30,0,30,21,0,07-12-2022 12:41 PM,07-11-2024 02:16 AM,0,SOVA,20,1 x 1,Connected Data Service <3000.e5kr>,0,0,,,Connected Data Service <3000.e5kr>,SOVA_A1,20,SOVA,,0
795,SOVA,B1 ALT,B1 ALT,88,30,30,0,30,41,0,41,31,0,07-12-2022 12:41 PM,07-10-2024 02:16 AM,0,SOVA,30,2 x 2,Connected Data Service <3000.e5kr>,0,0,,,Connected Data Service <3000.e5kr>,SOVA_B1 ALT,30,SOVA,,0
815,Station Nine,B5,B5,109,6,6,0,4,5,0,5,5,0,07-12-2022 12:41 PM,07-10-2024 02:16 AM,0,Station Nine,6,0 x 0,Connected Data Service <3000.e5kr>,0,0,,,Connected Data Service <3000.e5kr>,Station Nine_B5,6,Station Nine,,0
846,The Academy on Charles,C1,C1,135,12,12,0,12,13,0,13,12,0,07-12-2022 12:41 PM,07-10-2024 02:16 AM,0,The Academy on Charles,12,3 x 3,Connected Data Service <3000.e5kr>,0,0,,,Connected Data Service <3000.e5kr>,The Academy on Charles_C1,12,The Academy on Charles,,0
850,The Academy on Charles,D1,D1,139,104,104,0,104,106,0,106,104,0,07-12-2022 12:41 PM,07-10-2024 02:16 AM,0,The Academy on Charles,104,4 x 4,Connected Data Service <3000.e5kr>,0,0,,,Connected Data Service <3000.e5kr>,The Academy on Charles_D1,104,The Academy on Charles,,0
851,The Academy on Charles,D2,D2,140,40,40,0,40,41,0,41,40,0,07-12-2022 12:41 PM,07-10-2024 02:16 AM,0,The Academy on Charles,40,4 x 4,Connected Data Service <3000.e5kr>,0,0,,,Connected Data Service <3000.e5kr>,The Academy on Charles_D2,40,The Academy on Charles,,0
927,Torre,S2,S2,314,14,14,0,14,14,0,14,14,0,07-12-2022 12:41 PM,07-10-2024 02:16 AM,0,Torre,14,0 x 0,Connected Data Service <3000.e5kr>,0,0,,,Connected Data Service <3000.e5kr>,Torre_S2,14,Torre,,0
968,The Dean Reno,E2,E2,358,54,54,0,48,46,0,46,45,0,10-11-2022 02:14 AM,07-10-2024 02:16 AM,0,The Dean Reno,54,6 x 3,Connected Data Service <3000.e5kr>,0,0,,,Connected Data Service <3000.e5kr>,The Dean Reno_E2,54,The Dean Reno,,0
1036,The Caswell at Runnymeade,,B3.1,,4,,4,1,,0,0,1,0,02-03-2024 01:16 AM,07-10-2024 02:16 AM,0,,,,Connected Data Service <3000.e5kr>,0,0,,,Connected Data Service <3000.e5kr>,The Caswell at Runnymeade_B3.1,4,The Caswell at Runnymeade,,0
729,1008 S. 4th,B4,B4,4,2,2,0,2,3,0,3,2,0,07-12-2022 12:41 PM,07-09-2024 02:15 AM,0,Campustown 1008 S. 4th,2,2 x 2,Connected Data Service <3000.e5kr>,0,0,,,Connected Data Service <3000.e5kr>,1008 S. 4th_B4,2,1008 S. 4th,,0
770,ANOVA uCity Square,B1,B1,353,11,11,0,9,12,0,12,9,0,07-12-2022 12:41 PM,07-09-2024 02:15 AM,0,ANOVA uCity Square,11,0 x 0,Connected Data Service <3000.e5kr>,0,0,,,Connected Data Service <3000.e5kr>,ANOVA uCity Square_B1,11,ANOVA uCity Square,,0
814,Station Nine,B4,B4,108,4,4,0,2,3,0,3,3,0,07-12-2022 12:41 PM,07-06-2024 02:15 AM,0,Station Nine,4,0 x 0,Connected Data Service <3000.e5kr>,0,0,,,Connected Data Service <3000.e5kr>,Station Nine_B4,4,Station Nine,,0
865,The Dean Campustown,B1,B1,168,28,28,0,25,28,0,28,28,0,07-12-2022 12:41 PM,07-06-2024 02:15 AM,0,The Dean Campustown,28,2 x 2,Connected Data Service <3000.e5kr>,0,0,,,Connected Data Service <3000.e5kr>,The Dean Campustown_B1,28,The Dean Campustown,,0
917,Torre,C3,C3,304,21,21,0,21,22,0,22,21,0,07-12-2022 12:41 PM,07-06-2024 02:15 AM,0,Torre,21,0 x 0,Connected Data Service <3000.e5kr>,0,0,,,Connected Data Service <3000.e5kr>,Torre_C3,21,Torre,,0
991,Torre,B8 DELUXE,B8 DELUXE,402,28,28,0,20,18,0,18,16,0,09-30-2023 03:15 AM,07-06-2024 02:15 AM,0,Torre,28,0 x 0,Connected Data Service <3000.e5kr>,0,0,,,Connected Data Service <3000.e5kr>,Torre_B8 DELUXE,28,Torre,,0
752,1047 Commonwealth Avenue,S9,S9,25,5,5,0,5,4,0,4,3,0,07-12-2022 12:41 PM,07-04-2024 02:15 AM,0,1047 Commonwealth Avenue,5,0 x 1,Connected Data Service <3000.e5kr>,0,0,,,Connected Data Service <3000.e5kr>,1047 Commonwealth Avenue_S9,5,1047 Commonwealth Avenue,,0
760,Academy Lincoln,D2,D2,62,36,36,0,34,36,0,36,36,0,07-12-2022 12:41 PM,07-04-2024 02:15 AM,0,Academy Lincoln,36,4 x 4,Connected Data Service <3000.e5kr>,0,0,,,Connected Data Service <3000.e5kr>,Academy Lincoln_D2,36,Academy Lincoln,,0
867,The Dean Campustown,B3 XL,B3 XL,263,56,56,0,52,56,0,56,54,0,07-12-2022 12:41 PM,07-04-2024 02:15 AM,0,The Dean Campustown,56,4 x 4,Connected Data Service <3000.e5kr>,0,0,,,Connected Data Service <3000.e5kr>,The Dean Campustown_B3 XL,56,The Dean Campustown,,0
873,The Dean Campustown,D5,D5,176,56,56,0,52,63,0,63,56,0,07-12-2022 12:41 PM,07-04-2024 02:15 AM,0,The Dean Campustown,56,4 x 4,Connected Data Service <3000.e5kr>,0,0,,,Connected Data Service <3000.e5kr>,The Dean Campustown_D5,56,The Dean Campustown,,0
1026,The Caswell at Runnymeade,,A2,,4,,4,3,,0,0,1,0,02-03-2024 01:16 AM,07-04-2024 02:15 AM,0,,,,Connected Data Service <3000.e5kr>,0,0,,,Connected Data Service <3000.e5kr>,The Caswell at Runnymeade_A2,4,The Caswell at Runnymeade,,0
736,1008 S. 4th,M1 Murphy,M1 Murphy,11,4,4,0,3,6,0,6,4,0,07-12-2022 12:41 PM,07-03-2024 02:15 AM,0,Campustown 1008 S. 4th,4,0 x 1,Connected Data Service <3000.e5kr>,0,0,,,Connected Data Service <3000.e5kr>,1008 S. 4th_M1 Murphy,4,1008 S. 4th,,0
938,Torre,TH - D1.2,TH - D1.2,325,32,32,0,31,34,0,34,28,0,07-12-2022 12:41 PM,07-03-2024 02:15 AM,0,Torre,32,0 x 0,Connected Data Service <3000.e5kr>,0,0,,,Connected Data Service <3000.e5kr>,Torre_TH - D1.2,32,Torre,,0
985,Torre,B6 DELUXE,B6 DELUXE,400,36,36,0,30,34,0,34,26,0,01-25-2023 02:15 AM,07-03-2024 02:15 AM,0,Torre,36,0 x 0,Connected Data Service <3000.e5kr>,0,0,,,Connected Data Service <3000.e5kr>,Torre_B6 DELUXE,36,Torre,,0
721,Academy 65,D3,D3,52,20,20,0,17,20,0,20,20,0,07-12-2022 11:07 AM,07-02-2024 02:15 AM,0,Academy 65,20,4 x 4,Connected Data Service <3000.e5kr>,0,0,,,Connected Data Service <3000.e5kr>,Academy 65_D3,20,Academy 65,,0
951,Torre,TH - F3,TH - F3,338,6,6,0,3,5,0,5,5,0,07-12-2022 12:41 PM,07-02-2024 02:15 AM,0,Torre,6,0 x 0,Connected Data Service <3000.e5kr>,0,0,,,Connected Data Service <3000.e5kr>,Torre_TH - F3,6,Torre,,0
767,ANOVA uCity Square,A6,A6,350,5,5,0,4,5,0,5,5,0,07-12-2022 12:41 PM,06-29-2024 02:15 AM,0,ANOVA uCity Square,5,0 x 0,Connected Data Service <3000.e5kr>,0,0,,,Connected Data Service <3000.e5kr>,ANOVA uCity Square_A6,5,ANOVA uCity Square,,0
810,Station Nine,B1 Loft,B1 Loft,104,16,16,0,9,11,0,11,11,0,07-12-2022 12:41 PM,06-29-2024 02:15 AM,0,Station Nine,16,0 x 0,Connected Data Service <3000.e5kr>,0,0,,,Connected Data Service <3000.e5kr>,Station Nine_B1 Loft,16,Station Nine,,0
826,The Academy at Frisco,D2,D2,117,140,140,0,140,144,0,144,140,0,07-12-2022 12:41 PM,06-29-2024 02:15 AM,0,The Academy at Frisco,140,4 x 4,Connected Data Service <3000.e5kr>,0,0,,,Connected Data Service <3000.e5kr>,The Academy at Frisco_D2,140,The Academy at Frisco,,0
828,The Academy at Frisco,D4,D4,119,40,40,0,40,43,0,43,40,0,07-12-2022 12:41 PM,06-29-2024 02:15 AM,0,The Academy at Frisco,40,4 x 4,Connected Data Service <3000.e5kr>,0,0,,,Connected Data Service <3000.e5kr>,The Academy at Frisco_D4,40,The Academy at Frisco,,0
914,Torre,B9 -  SHARED,B9 -  SHARED,301,24,24,0,24,25,0,25,24,0,07-12-2022 12:41 PM,06-29-2024 02:15 AM,0,Torre,24,0 x 0,Connected Data Service <3000.e5kr>,0,0,,,Connected Data Service <3000.e5kr>,Torre_B9 -  SHARED,24,Torre,,0
790,Shortbread Lofts,D1 (Private),D1,214,205,205,0,205,73,0,73,205,0,07-12-2022 12:41 PM,06-28-2024 02:15 AM,0,Shortbread Lofts,205,4 x 4,Connected Data Service <3000.e5kr>,0,0,,,Connected Data Service <3000.e5kr>,Shortbread Lofts_D1,205,Shortbread Lofts,,0
868,The Dean Campustown,B4 XL,B4 XL,281,56,56,0,54,56,0,56,56,0,07-12-2022 12:41 PM,06-28-2024 02:15 AM,0,The Dean Campustown,56,4 x 4,Connected Data Service <3000.e5kr>,0,0,,,Connected Data Service <3000.e5kr>,The Dean Campustown_B4 XL,56,The Dean Campustown,,0
756,Academy Lincoln,B2,B2,56,38,38,0,36,40,0,40,37,0,07-12-2022 12:41 PM,06-26-2024 02:15 AM,0,Academy Lincoln,38,2 x 2,Connected Data Service <3000.e5kr>,0,0,,,Connected Data Service <3000.e5kr>,Academy Lincoln_B2,38,Academy Lincoln,,0
805,Station Nine,A3 Loft,A3 Loft,99,5,5,0,5,5,0,5,5,0,07-12-2022 12:41 PM,06-26-2024 02:15 AM,0,Station Nine,5,0 x 0,Connected Data Service <3000.e5kr>,0,0,,,Connected Data Service <3000.e5kr>,Station Nine_A3 Loft,5,Station Nine,,0
831,The Academy at Frisco,Studio,Studio,122,20,20,0,20,24,0,24,20,0,07-12-2022 12:41 PM,06-26-2024 02:15 AM,0,The Academy at Frisco,20,0 x 1,Connected Data Service <3000.e5kr>,0,0,,,Connected Data Service <3000.e5kr>,The Academy at Frisco_Studio,20,The Academy at Frisco,,0
803,Station Nine,A2,A2,97,4,4,0,2,3,0,3,3,0,07-12-2022 12:41 PM,06-25-2024 02:15 AM,0,Station Nine,4,0 x 0,Connected Data Service <3000.e5kr>,0,0,,,Connected Data Service <3000.e5kr>,Station Nine_A2,4,Station Nine,,0
959,The Dean Reno,B1,B1,361,36,36,0,34,35,0,35,33,0,10-11-2022 02:14 AM,06-25-2024 02:15 AM,0,The Dean Reno,36,2 x 2,Connected Data Service <3000.e5kr>,0,0,,,Connected Data Service <3000.e5kr>,The Dean Reno_B1,36,The Dean Reno,,0
720,Academy 65,D2,D2,51,64,64,0,52,56,0,56,51,0,07-12-2022 11:07 AM,06-22-2024 02:15 AM,0,Academy 65,64,4 x 4,Connected Data Service <3000.e5kr>,0,0,,,Connected Data Service <3000.e5kr>,Academy 65_D2,64,Academy 65,,0
936,Torre,TH - D1,TH - D1,323,56,56,0,54,61,0,61,55,0,07-12-2022 12:41 PM,06-22-2024 02:15 AM,0,Torre,56,0 x 0,Connected Data Service <3000.e5kr>,0,0,,,Connected Data Service <3000.e5kr>,Torre_TH - D1,56,Torre,,0
749,1047 Commonwealth Avenue,S6,S6,22,29,29,0,29,33,0,33,29,0,07-12-2022 12:41 PM,06-21-2024 02:15 AM,0,1047 Commonwealth Avenue,29,0 x 1,Connected Data Service <3000.e5kr>,0,0,,,Connected Data Service <3000.e5kr>,1047 Commonwealth Avenue_S6,29,1047 Commonwealth Avenue,,0
751,1047 Commonwealth Avenue,S8,S8,24,11,11,0,11,5,0,5,3,0,07-12-2022 12:41 PM,06-19-2024 02:15 AM,0,1047 Commonwealth Avenue,11,0 x 1,Connected Data Service <3000.e5kr>,0,0,,,Connected Data Service <3000.e5kr>,1047 Commonwealth Avenue_S8,11,1047 Commonwealth Avenue,,0
807,Station Nine,A5,A5,101,4,4,0,3,3,0,3,3,0,07-12-2022 12:41 PM,06-18-2024 02:15 AM,0,Station Nine,4,0 x 0,Connected Data Service <3000.e5kr>,0,0,,,Connected Data Service <3000.e5kr>,Station Nine_A5,4,Station Nine,,0
827,The Academy at Frisco,D3,D3,118,16,16,0,16,16,0,16,16,0,07-12-2022 12:41 PM,06-18-2024 02:15 AM,0,The Academy at Frisco,16,4 x 4,Connected Data Service <3000.e5kr>,0,0,,,Connected Data Service <3000.e5kr>,The Academy at Frisco_D3,16,The Academy at Frisco,,0
829,The Academy at Frisco,D5,D5,120,76,76,0,76,81,0,81,76,0,07-12-2022 12:41 PM,06-18-2024 02:15 AM,0,The Academy at Frisco,76,4 x 4,Connected Data Service <3000.e5kr>,0,0,,,Connected Data Service <3000.e5kr>,The Academy at Frisco_D5,76,The Academy at Frisco,,0
849,The Academy on Charles,C4,C4,138,3,3,0,3,4,0,4,3,0,07-12-2022 12:41 PM,06-18-2024 02:15 AM,0,The Academy on Charles,3,3 x 3,Connected Data Service <3000.e5kr>,0,0,,,Connected Data Service <3000.e5kr>,The Academy on Charles_C4,3,The Academy on Charles,,0
852,The Academy on Charles,D3,D3,141,20,20,0,20,22,0,22,20,0,07-12-2022 12:41 PM,06-18-2024 02:15 AM,0,The Academy on Charles,20,4 x 4,Connected Data Service <3000.e5kr>,0,0,,,Connected Data Service <3000.e5kr>,The Academy on Charles_D3,20,The Academy on Charles,,0
939,Torre,TH - D2,TH - D2,326,8,8,0,8,9,0,9,7,0,07-12-2022 12:41 PM,06-18-2024 02:15 AM,0,Torre,8,0 x 0,Connected Data Service <3000.e5kr>,0,0,,,Connected Data Service <3000.e5kr>,Torre_TH - D2,8,Torre,,0
960,The Dean Reno,B2,B2,359,34,34,0,31,40,0,40,35,0,10-11-2022 02:14 AM,06-18-2024 02:15 AM,0,The Dean Reno,34,2 x 2,Connected Data Service <3000.e5kr>,0,0,,,Connected Data Service <3000.e5kr>,The Dean Reno_B2,34,The Dean Reno,,0
1032,The Caswell at Runnymeade,,A7,,8,,8,8,,0,0,7,0,02-03-2024 01:16 AM,06-16-2024 02:15 AM,0,,,,Connected Data Service <3000.e5kr>,0,0,,,Connected Data Service <3000.e5kr>,The Caswell at Runnymeade_A7,8,The Caswell at Runnymeade,,0
742,1047 Commonwealth Avenue,S1,S1,15,25,25,0,25,26,0,26,25,0,07-12-2022 12:41 PM,06-15-2024 02:15 AM,0,1047 Commonwealth Avenue,25,0 x 1,Connected Data Service <3000.e5kr>,0,0,,,Connected Data Service <3000.e5kr>,1047 Commonwealth Avenue_S1,25,1047 Commonwealth Avenue,,0
704,501 S. 6th,E2 Townhome,E2 Townhome,35,20,20,0,19,21,0,21,20,0,07-12-2022 11:07 AM,06-14-2024 02:15 AM,0,Campustown 501 S. 6th,20,5 x 4,Connected Data Service <3000.e5kr>,0,0,,,Connected Data Service <3000.e5kr>,501 S. 6th_E2 Townhome,20,501 S. 6th,,0
712,908 S. 1st,M1 Murphy Balcony,M1 Murphy Balcony,44,16,16,0,16,17,0,17,16,0,07-12-2022 11:07 AM,06-14-2024 02:15 AM,0,Campustown 908 S. 1st,16,0 x 0,Connected Data Service <3000.e5kr>,0,0,,,Connected Data Service <3000.e5kr>,908 S. 1st_M1 Murphy Balcony,16,908 S. 1st,,0
724,Academy 65,S1,S1,53,5,5,0,4,7,0,7,5,0,07-12-2022 11:07 AM,06-14-2024 02:15 AM,0,Academy 65,5,0 x 1,Connected Data Service <3000.e5kr>,0,0,,,Connected Data Service <3000.e5kr>,Academy 65_S1,5,Academy 65,,0
782,Shortbread Lofts,B1 (Shared),B1,202,40,40,0,39,24,0,24,40,0,07-12-2022 12:41 PM,06-14-2024 02:15 AM,0,Shortbread Lofts,40,2 x 2,Connected Data Service <3000.e5kr>,0,0,,,Connected Data Service <3000.e5kr>,Shortbread Lofts_B1,40,Shortbread Lofts,,0
847,The Academy on Charles,C2,C2,136,36,36,0,36,36,0,36,36,0,07-12-2022 12:41 PM,06-14-2024 02:15 AM,0,The Academy on Charles,36,3 x 3,Connected Data Service <3000.e5kr>,0,0,,,Connected Data Service <3000.e5kr>,The Academy on Charles_C2,36,The Academy on Charles,,0
764,ANOVA uCity Square,A3,A3,347,10,10,0,10,9,0,9,9,0,07-12-2022 12:41 PM,06-11-2024 02:15 AM,0,ANOVA uCity Square,10,0 x 0,Connected Data Service <3000.e5kr>,0,0,,,Connected Data Service <3000.e5kr>,ANOVA uCity Square_A3,10,ANOVA uCity Square,,0
808,Station Nine,A6,A6,102,1,1,0,0,1,0,1,0,0,07-12-2022 12:41 PM,06-11-2024 02:15 AM,0,Station Nine,1,0 x 0,Connected Data Service <3000.e5kr>,0,0,,,Connected Data Service <3000.e5kr>,Station Nine_A6,1,Station Nine,,0
916,Torre,C2 - SEMI-SHARED,C2 - SEMI-SHARED,303,16,16,0,14,10,0,10,10,0,07-12-2022 12:41 PM,06-11-2024 02:15 AM,0,Torre,16,0 x 0,Connected Data Service <3000.e5kr>,0,0,,,Connected Data Service <3000.e5kr>,Torre_C2 - SEMI-SHARED,16,Torre,,0
727,1008 S. 4th,B2,B2,2,8,8,0,8,9,0,9,8,0,07-12-2022 12:41 PM,06-08-2024 02:15 AM,0,Campustown 1008 S. 4th,8,2 x 1,Connected Data Service <3000.e5kr>,0,0,,,Connected Data Service <3000.e5kr>,1008 S. 4th_B2,8,1008 S. 4th,,0
822,The Academy at Frisco,B2,B2,113,10,10,0,10,11,0,11,10,0,07-12-2022 12:41 PM,06-08-2024 02:15 AM,0,The Academy at Frisco,10,2 x 2,Connected Data Service <3000.e5kr>,0,0,,,Connected Data Service <3000.e5kr>,The Academy at Frisco_B2,10,The Academy at Frisco,,0
952,Torre,TH - F4,TH - F4,339,18,18,0,15,16,0,16,16,0,07-12-2022 12:41 PM,06-08-2024 02:15 AM,0,Torre,18,0 x 0,Connected Data Service <3000.e5kr>,0,0,,,Connected Data Service <3000.e5kr>,Torre_TH - F4,18,Torre,,0
747,1047 Commonwealth Avenue,S4,S4,20,8,8,0,8,9,0,9,8,0,07-12-2022 12:41 PM,06-06-2024 02:15 AM,0,1047 Commonwealth Avenue,8,0 x 1,Connected Data Service <3000.e5kr>,0,0,,,Connected Data Service <3000.e5kr>,1047 Commonwealth Avenue_S4,8,1047 Commonwealth Avenue,,0
715,Academy 65,A1,A1,46,10,10,0,10,14,0,14,10,0,07-12-2022 11:07 AM,06-05-2024 02:15 AM,0,Academy 65,10,1 x 1,Connected Data Service <3000.e5kr>,0,0,,,Connected Data Service <3000.e5kr>,Academy 65_A1,10,Academy 65,,0
876,The Dean Campustown,S1,S1,178,42,42,0,41,45,0,45,42,0,07-12-2022 12:41 PM,06-01-2024 02:15 AM,0,The Dean Campustown,42,0 x 1,Connected Data Service <3000.e5kr>,0,0,,,Connected Data Service <3000.e5kr>,The Dean Campustown_S1,42,The Dean Campustown,,0
750,1047 Commonwealth Avenue,S7,S7,23,4,4,0,4,4,0,4,4,0,07-12-2022 12:41 PM,05-29-2024 02:15 AM,0,1047 Commonwealth Avenue,4,0 x 1,Connected Data Service <3000.e5kr>,0,0,,,Connected Data Service <3000.e5kr>,1047 Commonwealth Avenue_S7,4,1047 Commonwealth Avenue,,0
821,The Academy at Frisco,B1,B1,112,48,48,0,48,49,0,49,48,0,07-12-2022 12:41 PM,05-29-2024 02:15 AM,0,The Academy at Frisco,48,2 x 2,Connected Data Service <3000.e5kr>,0,0,,,Connected Data Service <3000.e5kr>,The Academy at Frisco_B1,48,The Academy at Frisco,,0
853,The Academy on Charles,D4,D4,142,32,32,0,32,32,0,32,32,0,07-12-2022 12:41 PM,05-29-2024 02:15 AM,0,The Academy on Charles,32,4 x 4,Connected Data Service <3000.e5kr>,0,0,,,Connected Data Service <3000.e5kr>,The Academy on Charles_D4,32,The Academy on Charles,,0
929,Torre,TH - C1,TH - C1,316,6,6,0,6,6,0,6,6,0,07-12-2022 12:41 PM,05-29-2024 02:15 AM,0,Torre,6,0 x 0,Connected Data Service <3000.e5kr>,0,0,,,Connected Data Service <3000.e5kr>,Torre_TH - C1,6,Torre,,0
947,Torre,TH - D9,TH - D9,334,15,15,0,14,15,0,15,15,0,07-12-2022 12:41 PM,05-29-2024 02:15 AM,0,Torre,15,0 x 0,Connected Data Service <3000.e5kr>,0,0,,,Connected Data Service <3000.e5kr>,Torre_TH - D9,15,Torre,,0
949,Torre,TH - F1,TH - F1,336,18,18,0,16,19,0,19,18,0,07-12-2022 12:41 PM,05-29-2024 02:15 AM,0,Torre,18,0 x 0,Connected Data Service <3000.e5kr>,0,0,,,Connected Data Service <3000.e5kr>,Torre_TH - F1,18,Torre,,0
716,Academy 65,B1,B1,47,21,21,0,21,21,0,21,21,0,07-12-2022 11:07 AM,05-24-2024 02:15 AM,0,Academy 65,21,2 x 2,Connected Data Service <3000.e5kr>,0,0,,,Connected Data Service <3000.e5kr>,Academy 65_B1,21,Academy 65,,0
748,1047 Commonwealth Avenue,S5,S5,21,10,10,0,10,10,0,10,10,0,07-12-2022 12:41 PM,05-20-2024 02:15 AM,0,1047 Commonwealth Avenue,10,0 x 1,Connected Data Service <3000.e5kr>,0,0,,,Connected Data Service <3000.e5kr>,1047 Commonwealth Avenue_S5,10,1047 Commonwealth Avenue,,0
931,Torre,TH - C2,TH - C2,318,6,6,0,6,7,0,7,6,0,07-12-2022 12:41 PM,05-18-2024 02:15 AM,0,Torre,6,0 x 0,Connected Data Service <3000.e5kr>,0,0,,,Connected Data Service <3000.e5kr>,Torre_TH - C2,6,Torre,,0
726,1008 S. 4th,B1,B1,1,8,8,0,8,8,0,8,8,0,07-12-2022 12:41 PM,05-11-2024 02:15 AM,0,Campustown 1008 S. 4th,8,2 x 1,Connected Data Service <3000.e5kr>,0,0,,,Connected Data Service <3000.e5kr>,1008 S. 4th_B1,8,1008 S. 4th,,0
728,1008 S. 4th,B3,B3,3,10,10,0,10,10,0,10,10,0,07-12-2022 12:41 PM,05-11-2024 02:15 AM,0,Campustown 1008 S. 4th,10,2 x 2,Connected Data Service <3000.e5kr>,0,0,,,Connected Data Service <3000.e5kr>,1008 S. 4th_B3,10,1008 S. 4th,,0
1045,The Academy at Frisco,,Not Selected,,0,,0,0,,0,0,0,0,03-30-2024 02:15 AM,05-11-2024 02:15 AM,0,,,,Connected Data Service <3000.e5kr>,0,0,,,Connected Data Service <3000.e5kr>,The Academy at Frisco_Not Selected,0,The Academy at Frisco,,0
789,Shortbread Lofts,C4 (Private),C4,212,24,24,0,24,6,0,6,24,0,07-12-2022 12:41 PM,05-08-2024 02:15 AM,0,Shortbread Lofts,24,3 x 3,Connected Data Service <3000.e5kr>,0,0,,,Connected Data Service <3000.e5kr>,Shortbread Lofts_C4,24,Shortbread Lofts,,0
772,ANOVA uCity Square,C1,C1,355,5,5,0,5,5,0,5,5,0,07-12-2022 12:41 PM,05-07-2024 02:16 AM,0,ANOVA uCity Square,5,0 x 0,Connected Data Service <3000.e5kr>,0,0,,,Connected Data Service <3000.e5kr>,ANOVA uCity Square_C1,5,ANOVA uCity Square,,0
898,Torre,B2,B2,285,10,10,0,10,11,0,11,10,0,07-12-2022 12:41 PM,05-07-2024 02:16 AM,0,Torre,10,0 x 0,Connected Data Service <3000.e5kr>,0,0,,,Connected Data Service <3000.e5kr>,Torre_B2,10,Torre,,0
948,Torre,TH - E1,TH - E1,335,10,10,0,5,10,0,10,10,0,07-12-2022 12:41 PM,05-07-2024 02:16 AM,0,Torre,10,0 x 0,Connected Data Service <3000.e5kr>,0,0,,,Connected Data Service <3000.e5kr>,Torre_TH - E1,10,Torre,,0
1031,The Caswell at Runnymeade,,A6,,4,,4,3,,0,0,3,0,02-03-2024 01:16 AM,05-04-2024 02:15 AM,0,,,,Connected Data Service <3000.e5kr>,0,0,,,Connected Data Service <3000.e5kr>,The Caswell at Runnymeade_A6,4,The Caswell at Runnymeade,,0
745,1047 Commonwealth Avenue,S2,S2,18,12,12,0,11,12,0,12,12,0,07-12-2022 12:41 PM,05-01-2024 02:15 AM,0,1047 Commonwealth Avenue,12,0 x 1,Connected Data Service <3000.e5kr>,0,0,,,Connected Data Service <3000.e5kr>,1047 Commonwealth Avenue_S2,12,1047 Commonwealth Avenue,,0
743,1047 Commonwealth Avenue,S10,S10,16,4,4,0,4,2,0,2,2,0,07-12-2022 12:41 PM,04-23-2024 02:15 AM,0,1047 Commonwealth Avenue,4,0 x 1,Connected Data Service <3000.e5kr>,0,0,,,Connected Data Service <3000.e5kr>,1047 Commonwealth Avenue_S10,4,1047 Commonwealth Avenue,,0
878,The Dean Campustown,S3 XL,S3 XL,262,28,28,0,28,28,0,28,28,0,07-12-2022 12:41 PM,04-18-2024 02:16 AM,0,The Dean Campustown,28,1 x 1,Connected Data Service <3000.e5kr>,0,0,,,Connected Data Service <3000.e5kr>,The Dean Campustown_S3 XL,28,The Dean Campustown,,0
921,Torre,D2 - SEMI-SHARED,D2 - SEMI-SHARED,308,5,5,0,5,4,0,4,4,0,07-12-2022 12:41 PM,04-17-2024 02:15 AM,0,Torre,5,0 x 0,Connected Data Service <3000.e5kr>,0,0,,,Connected Data Service <3000.e5kr>,Torre_D2 - SEMI-SHARED,5,Torre,,0
785,Shortbread Lofts,B4 (Private),B4,206,2,2,0,2,2,0,2,2,0,07-12-2022 12:41 PM,04-12-2024 02:15 AM,0,Shortbread Lofts,2,2 x 2,Connected Data Service <3000.e5kr>,0,0,,,Connected Data Service <3000.e5kr>,Shortbread Lofts_B4,2,Shortbread Lofts,,0
709,908 S. 1st,B3,B3,40,8,8,0,7,8,0,8,8,0,07-12-2022 11:07 AM,04-04-2024 02:16 AM,0,Campustown 908 S. 1st,8,2 x 2,Connected Data Service <3000.e5kr>,0,0,,,Connected Data Service <3000.e5kr>,908 S. 1st_B3,8,908 S. 1st,,0
990,Torre,B5.2 DELUXE,B5.2 DELUXE,401,12,12,0,10,3,0,3,2,0,09-30-2023 03:15 AM,03-30-2024 02:15 AM,0,Torre,12,0 x 0,Connected Data Service <3000.e5kr>,0,0,,,Connected Data Service <3000.e5kr>,Torre_B5.2 DELUXE,12,Torre,,0
1030,The Caswell at Runnymeade,,A5.2,,6,,6,6,,0,0,5,0,02-03-2024 01:16 AM,03-28-2024 02:15 AM,0,,,,Connected Data Service <3000.e5kr>,0,0,,,Connected Data Service <3000.e5kr>,The Caswell at Runnymeade_A5.2,6,The Caswell at Runnymeade,,0
783,Shortbread Lofts,B2 (Shared),B2,204,10,10,0,10,,0,0,10,0,07-12-2022 12:41 PM,03-22-2024 02:15 AM,0,Shortbread Lofts,10,2 x 2,Connected Data Service <3000.e5kr>,0,0,,,Connected Data Service <3000.e5kr>,Shortbread Lofts_B2,10,Shortbread Lofts,,0
934,Torre,TH - C4,TH - C4,321,12,12,0,12,12,0,12,12,0,07-12-2022 12:41 PM,03-22-2024 02:15 AM,0,Torre,12,0 x 0,Connected Data Service <3000.e5kr>,0,0,,,Connected Data Service <3000.e5kr>,Torre_TH - C4,12,Torre,,0
702,501 S. 6th,D3 Townhome,D3 Townhome,33,4,4,0,4,4,0,4,3,1,07-12-2022 11:07 AM,03-20-2024 02:15 AM,0,Campustown 501 S. 6th,4,4 x 3,Connected Data Service <3000.e5kr>,0,0,,,Connected Data Service <3000.e5kr>,501 S. 6th_D3 Townhome,4,501 S. 6th,,0
787,Shortbread Lofts,C2 (Shared),C2,209,6,6,0,6,6,0,6,6,0,07-12-2022 12:41 PM,03-20-2024 02:15 AM,0,Shortbread Lofts,6,3 x 3,Connected Data Service <3000.e5kr>,0,0,,,Connected Data Service <3000.e5kr>,Shortbread Lofts_C2,6,Shortbread Lofts,,0
944,Torre,TH - D6 - SEMI-SHARED,TH - D6 - SEMI-SHARED,331,15,15,0,13,12,0,12,14,0,07-12-2022 12:41 PM,03-19-2024 02:15 AM,0,Torre,15,0 x 0,Connected Data Service <3000.e5kr>,0,0,,,Connected Data Service <3000.e5kr>,Torre_TH - D6 - SEMI-SHARED,15,Torre,,0
864,The Dean Campustown,A2 Deluxe,A2 Deluxe,261,28,28,0,26,28,0,28,28,0,07-12-2022 12:41 PM,03-15-2024 02:15 AM,0,The Dean Campustown,28,1 x 1,Connected Data Service <3000.e5kr>,0,0,,,Connected Data Service <3000.e5kr>,The Dean Campustown_A2 Deluxe,28,The Dean Campustown,,0
923,Torre,D4 - SEMI-SHARED,D4 - SEMI-SHARED,310,12,12,0,8,7,0,7,7,0,07-12-2022 12:41 PM,03-08-2024 01:15 AM,0,Torre,12,0 x 0,Connected Data Service <3000.e5kr>,0,0,,,Connected Data Service <3000.e5kr>,Torre_D4 - SEMI-SHARED,12,Torre,,0
848,The Academy on Charles,C3,C3,137,24,24,0,24,24,0,24,24,0,07-12-2022 12:41 PM,03-06-2024 01:15 AM,0,The Academy on Charles,24,3 x 3,Connected Data Service <3000.e5kr>,0,0,,,Connected Data Service <3000.e5kr>,The Academy on Charles_C3,24,The Academy on Charles,,0
820,The Academy at Frisco,A2,A2,111,3,3,0,3,3,0,3,3,0,07-12-2022 12:41 PM,03-02-2024 01:17 AM,0,The Academy at Frisco,3,1 x 1,Connected Data Service <3000.e5kr>,0,0,,,Connected Data Service <3000.e5kr>,The Academy at Frisco_A2,3,The Academy at Frisco,,0
845,The Academy on Charles,B6,B6,134,10,10,0,10,10,0,10,10,0,07-12-2022 12:41 PM,02-27-2024 01:16 AM,0,The Academy on Charles,10,2 x 2,Connected Data Service <3000.e5kr>,0,0,,,Connected Data Service <3000.e5kr>,The Academy on Charles_B6,10,The Academy on Charles,,0
1020,Venue at North Campus,,Not Selected,,0,,0,0,,0,0,0,0,11-14-2023 01:15 AM,02-27-2024 01:16 AM,0,,,,Connected Data Service <3000.e5kr>,0,0,,,Connected Data Service <3000.e5kr>,Venue at North Campus_Not Selected,0,Venue at North Campus,,0
843,The Academy on Charles,B4,B4,132,8,8,0,8,8,0,8,8,0,07-12-2022 12:41 PM,02-13-2024 01:16 AM,0,The Academy on Charles,8,2 x 2,Connected Data Service <3000.e5kr>,0,0,,,Connected Data Service <3000.e5kr>,The Academy on Charles_B4,8,The Academy on Charles,,0
1024,The Caswell at Runnymeade,,A1.1,,3,,3,3,,0,0,3,0,02-03-2024 01:16 AM,02-03-2024 01:16 AM,0,,,,Connected Data Service <3000.e5kr>,0,0,,,Connected Data Service <3000.e5kr>,The Caswell at Runnymeade_A1.1,3,The Caswell at Runnymeade,,0
1025,The Caswell at Runnymeade,,A1.2,,2,,2,2,,0,0,1,0,02-03-2024 01:16 AM,02-03-2024 01:16 AM,0,,,,Connected Data Service <3000.e5kr>,0,0,,,Connected Data Service <3000.e5kr>,The Caswell at Runnymeade_A1.2,2,The Caswell at Runnymeade,,0
1040,The Caswell at Runnymeade,,Not Selected,,0,,0,0,,0,0,0,0,02-03-2024 01:16 AM,02-03-2024 01:16 AM,0,,,,Connected Data Service <3000.e5kr>,0,0,,,Connected Data Service <3000.e5kr>,The Caswell at Runnymeade_Not Selected,0,The Caswell at Runnymeade,,0
842,The Academy on Charles,B3,B3,131,6,6,0,6,6,0,6,6,0,07-12-2022 12:41 PM,01-30-2024 01:16 AM,0,The Academy on Charles,6,2 x 2,Connected Data Service <3000.e5kr>,0,0,,,Connected Data Service <3000.e5kr>,The Academy on Charles_B3,6,The Academy on Charles,,0
784,Shortbread Lofts,B3 (Private),B3,205,2,2,0,2,2,0,2,2,0,07-12-2022 12:41 PM,01-24-2024 01:16 AM,0,Shortbread Lofts,2,2 x 2,Connected Data Service <3000.e5kr>,0,0,,,Connected Data Service <3000.e5kr>,Shortbread Lofts_B3,2,Shortbread Lofts,,0
932,Torre,TH - C3,TH - C3,319,3,3,0,3,3,0,3,3,0,07-12-2022 12:41 PM,01-24-2024 01:16 AM,0,Torre,3,0 x 0,Connected Data Service <3000.e5kr>,0,0,,,Connected Data Service <3000.e5kr>,Torre_TH - C3,3,Torre,,0
844,The Academy on Charles,B5,B5,133,8,8,0,8,8,0,8,8,0,07-12-2022 12:41 PM,01-21-2024 01:16 AM,0,The Academy on Charles,8,2 x 2,Connected Data Service <3000.e5kr>,0,0,,,Connected Data Service <3000.e5kr>,The Academy on Charles_B5,8,The Academy on Charles,,0
895,Torre,A1,A1,282,3,3,0,3,3,0,3,3,0,07-12-2022 12:41 PM,01-06-2024 01:15 AM,0,Torre,3,0 x 0,Connected Data Service <3000.e5kr>,0,0,,,Connected Data Service <3000.e5kr>,Torre_A1,3,Torre,,0
757,Academy Lincoln,B3 Townhome,B3 Townhome,57,14,14,0,14,14,0,14,14,0,07-12-2022 12:41 PM,01-04-2024 01:15 AM,0,Academy Lincoln,14,2 x 2,Connected Data Service <3000.e5kr>,0,0,,,Connected Data Service <3000.e5kr>,Academy Lincoln_B3 Townhome,14,Academy Lincoln,,0
840,The Academy on Charles,B1,B1,129,10,10,0,10,10,0,10,10,0,07-12-2022 12:41 PM,12-28-2023 01:15 AM,0,The Academy on Charles,10,2 x 2,Connected Data Service <3000.e5kr>,0,0,,,Connected Data Service <3000.e5kr>,The Academy on Charles_B1,10,The Academy on Charles,,0
910,Torre,B7 - SEMI-SHARED,B7 - SEMI-SHARED,297,12,12,0,12,8,0,8,8,0,07-12-2022 12:41 PM,12-15-2023 01:16 AM,0,Torre,12,0 x 0,Connected Data Service <3000.e5kr>,0,0,,,Connected Data Service <3000.e5kr>,Torre_B7 - SEMI-SHARED,12,Torre,,0
958,The Dean Reno,A1,A1,360,1,1,0,1,1,0,1,1,0,10-11-2022 02:14 AM,12-08-2023 01:16 AM,0,The Dean Reno,1,1 x 1,Connected Data Service <3000.e5kr>,0,0,,,Connected Data Service <3000.e5kr>,The Dean Reno_A1,1,The Dean Reno,,0
897,Torre,B1,B1,284,2,2,0,2,2,0,2,2,0,07-12-2022 12:41 PM,12-07-2023 01:16 AM,0,Torre,2,0 x 0,Connected Data Service <3000.e5kr>,0,0,,,Connected Data Service <3000.e5kr>,Torre_B1,2,Torre,,0
961,The Dean Reno,C1,C1,362,3,3,0,3,2,0,2,2,0,10-11-2022 02:14 AM,12-07-2023 01:16 AM,0,The Dean Reno,3,3 x 3,Connected Data Service <3000.e5kr>,0,0,,,Connected Data Service <3000.e5kr>,The Dean Reno_C1,3,The Dean Reno,,0
713,908 S. 1st,M2 Murphy,M2 Murphy,45,4,4,0,4,4,0,4,4,0,07-12-2022 11:07 AM,12-06-2023 01:16 AM,0,Campustown 908 S. 1st,4,0 x 0,Connected Data Service <3000.e5kr>,0,0,,,Connected Data Service <3000.e5kr>,908 S. 1st_M2 Murphy,4,908 S. 1st,,0
824,The Academy at Frisco,C1,C1,115,18,18,0,18,18,0,18,18,0,07-12-2022 12:41 PM,12-06-2023 01:16 AM,0,The Academy at Frisco,18,3 x 3,Connected Data Service <3000.e5kr>,0,0,,,Connected Data Service <3000.e5kr>,The Academy at Frisco_C1,18,The Academy at Frisco,,0
838,The Academy on Charles,A1,A1,127,1,1,0,1,1,0,1,1,0,07-12-2022 12:41 PM,12-06-2023 01:16 AM,0,The Academy on Charles,1,1 x 1,Connected Data Service <3000.e5kr>,0,0,,,Connected Data Service <3000.e5kr>,The Academy on Charles_A1,1,The Academy on Charles,,0
839,The Academy on Charles,A2,A2,128,1,1,0,1,1,0,1,1,0,07-12-2022 12:41 PM,12-06-2023 01:16 AM,0,The Academy on Charles,1,1 x 1,Connected Data Service <3000.e5kr>,0,0,,,Connected Data Service <3000.e5kr>,The Academy on Charles_A2,1,The Academy on Charles,,0
841,The Academy on Charles,B2,B2,130,8,8,0,8,8,0,8,8,0,07-12-2022 12:41 PM,12-06-2023 01:16 AM,0,The Academy on Charles,8,2 x 2,Connected Data Service <3000.e5kr>,0,0,,,Connected Data Service <3000.e5kr>,The Academy on Charles_B2,8,The Academy on Charles,,0
855,The Academy on Charles,S1,S1,143,4,4,0,4,4,0,4,4,0,07-12-2022 12:41 PM,12-06-2023 01:16 AM,0,The Academy on Charles,4,0 x 1,Connected Data Service <3000.e5kr>,0,0,,,Connected Data Service <3000.e5kr>,The Academy on Charles_S1,4,The Academy on Charles,,0
856,The Academy on Charles,S2,S2,144,1,1,0,1,1,0,1,1,0,07-12-2022 12:41 PM,12-06-2023 01:16 AM,0,The Academy on Charles,1,0 x 1,Connected Data Service <3000.e5kr>,0,0,,,Connected Data Service <3000.e5kr>,The Academy on Charles_S2,1,The Academy on Charles,,0
1021,1047 Commonwealth Avenue,,Not Selected,,0,,0,0,,0,0,0,0,11-16-2023 02:15 AM,11-16-2023 02:15 AM,0,,,,Connected Data Service <3000.e5kr>,0,0,,,Connected Data Service <3000.e5kr>,1047 Commonwealth Avenue_Not Selected,0,1047 Commonwealth Avenue,,0
950,Torre,TH - F2,TH - F2,337,6,6,0,6,6,0,6,6,0,07-12-2022 12:41 PM,11-14-2023 01:15 AM,0,Torre,6,0 x 0,Connected Data Service <3000.e5kr>,0,0,,,Connected Data Service <3000.e5kr>,Torre_TH - F2,6,Torre,,0
708,908 S. 1st,B2,B2,39,16,16,0,16,16,0,16,16,0,07-12-2022 11:07 AM,11-09-2023 02:15 AM,0,Campustown 908 S. 1st,16,2 x 1,Connected Data Service <3000.e5kr>,0,0,,,Connected Data Service <3000.e5kr>,908 S. 1st_B2,16,908 S. 1st,,0
942,Torre,TH - D4 - SEMI-SHARED,TH - D4 - SEMI-SHARED,329,10,10,0,10,10,0,10,10,0,07-12-2022 12:41 PM,11-07-2023 02:16 AM,0,Torre,10,0 x 0,Connected Data Service <3000.e5kr>,0,0,,,Connected Data Service <3000.e5kr>,Torre_TH - D4 - SEMI-SHARED,10,Torre,,0
901,Torre,B3,B3,288,4,4,0,4,5,0,5,4,0,07-12-2022 12:41 PM,10-26-2023 03:16 AM,0,Torre,4,0 x 0,Connected Data Service <3000.e5kr>,0,0,,,Connected Data Service <3000.e5kr>,Torre_B3,4,Torre,,0
1008,The Dean Campustown,,Not Selected,,0,,0,0,,0,0,0,0,10-14-2023 02:16 AM,10-26-2023 03:16 AM,0,,,,Connected Data Service <3000.e5kr>,0,0,,,Connected Data Service <3000.e5kr>,The Dean Campustown_Not Selected,0,The Dean Campustown,,0
740,1008 S. 4th,S2,S2,14,4,4,0,4,4,0,4,4,0,07-12-2022 12:41 PM,10-22-2023 03:16 AM,0,Campustown 1008 S. 4th,4,0 x 1,Connected Data Service <3000.e5kr>,0,0,,,Connected Data Service <3000.e5kr>,1008 S. 4th_S2,4,1008 S. 4th,,0
730,1008 S. 4th,B5,B5,5,2,2,0,2,2,0,2,2,0,07-12-2022 12:41 PM,10-20-2023 03:16 AM,0,Campustown 1008 S. 4th,2,2 x 2,Connected Data Service <3000.e5kr>,0,0,,,Connected Data Service <3000.e5kr>,1008 S. 4th_B5,2,1008 S. 4th,,0
863,The Dean Campustown,A1,A1,165,14,14,0,14,14,0,14,14,0,07-12-2022 12:41 PM,10-20-2023 03:16 AM,0,The Dean Campustown,14,1 x 1,Connected Data Service <3000.e5kr>,0,0,,,Connected Data Service <3000.e5kr>,The Dean Campustown_A1,14,The Dean Campustown,,0
915,Torre,C1,C1,302,3,3,0,3,3,0,3,3,0,07-12-2022 12:41 PM,10-17-2023 03:16 AM,0,Torre,3,0 x 0,Connected Data Service <3000.e5kr>,0,0,,,Connected Data Service <3000.e5kr>,Torre_C1,3,Torre,,0
996,Academy 65,,Not Selected,,0,,0,0,,0,0,0,0,10-14-2023 02:16 AM,10-14-2023 02:16 AM,0,,,,Connected Data Service <3000.e5kr>,0,0,,,Connected Data Service <3000.e5kr>,Academy 65_Not Selected,0,Academy 65,,0
998,ANOVA uCity Square,,Not Selected,,0,,0,0,,0,0,0,0,10-14-2023 02:16 AM,10-14-2023 02:16 AM,0,,,,Connected Data Service <3000.e5kr>,0,0,,,Connected Data Service <3000.e5kr>,ANOVA uCity Square_Not Selected,0,ANOVA uCity Square,,0
1001,SOVA,,Not Selected,,0,,0,0,,0,0,0,0,10-14-2023 02:16 AM,10-14-2023 02:16 AM,0,,,,Connected Data Service <3000.e5kr>,0,0,,,Connected Data Service <3000.e5kr>,SOVA_Not Selected,0,SOVA,,0
1002,Station Nine,,Not Selected,,0,,0,0,,0,0,0,0,10-14-2023 02:16 AM,10-14-2023 02:16 AM,0,,,,Connected Data Service <3000.e5kr>,0,0,,,Connected Data Service <3000.e5kr>,Station Nine_Not Selected,0,Station Nine,,0
1006,The Academy on Charles,,Not Selected,,0,,0,0,,0,0,0,0,10-14-2023 02:16 AM,10-14-2023 02:16 AM,0,,,,Connected Data Service <3000.e5kr>,0,0,,,Connected Data Service <3000.e5kr>,The Academy on Charles_Not Selected,0,The Academy on Charles,,0
1009,The Dean Reno,,Not Selected,,0,,0,0,,0,0,0,0,10-14-2023 02:16 AM,10-14-2023 02:16 AM,0,,,,Connected Data Service <3000.e5kr>,0,0,,,Connected Data Service <3000.e5kr>,The Dean Reno_Not Selected,0,The Dean Reno,,0
1011,Torre,,Not Selected,,0,,0,0,,0,0,0,0,10-14-2023 02:16 AM,10-14-2023 02:16 AM,0,,,,Connected Data Service <3000.e5kr>,0,0,,,Connected Data Service <3000.e5kr>,Torre_Not Selected,0,Torre,,0
696,501 S. 6th,B1,B1,27,2,2,0,2,2,0,2,2,0,07-12-2022 11:07 AM,10-14-2023 02:16 AM,0,Campustown 501 S. 6th,2,2 x 2,Connected Data Service <3000.e5kr>,0,0,,,Connected Data Service <3000.e5kr>,501 S. 6th_B1,2,501 S. 6th,,0
697,501 S. 6th,B2,B2,28,2,2,0,2,2,0,2,2,0,07-12-2022 11:07 AM,10-14-2023 02:16 AM,0,Campustown 501 S. 6th,2,2 x 2,Connected Data Service <3000.e5kr>,0,0,,,Connected Data Service <3000.e5kr>,501 S. 6th_B2,2,501 S. 6th,,0
884,The Rise at Northgate,B3 Penthouse,B3,229,2,2,0,2,2,0,2,2,0,07-12-2022 12:41 PM,10-14-2023 02:16 AM,0,The Rise at Northgate,2,2 x 2.5,Connected Data Service <3000.e5kr>,0,0,,,Connected Data Service <3000.e5kr>,The Rise at Northgate_B3,2,The Rise at Northgate,,0
885,The Rise at Northgate,C1 Penthouse,C1,230,3,3,0,3,3,0,3,3,0,07-12-2022 12:41 PM,10-14-2023 02:16 AM,0,The Rise at Northgate,3,3 x 3.5,Connected Data Service <3000.e5kr>,0,0,,,Connected Data Service <3000.e5kr>,The Rise at Northgate_C1,3,The Rise at Northgate,,0
896,Torre,A2,A2,283,1,1,0,1,1,0,1,1,0,07-12-2022 12:41 PM,10-14-2023 02:16 AM,0,Torre,1,0 x 0,Connected Data Service <3000.e5kr>,0,0,,,Connected Data Service <3000.e5kr>,Torre_A2,1,Torre,,0
902,Torre,B4,B4,289,2,2,0,2,2,0,2,2,0,07-12-2022 12:41 PM,10-14-2023 02:16 AM,0,Torre,2,0 x 0,Connected Data Service <3000.e5kr>,0,0,,,Connected Data Service <3000.e5kr>,Torre_B4,2,Torre,,0
926,Torre,S1,S1,313,1,1,0,1,1,0,1,1,0,07-12-2022 12:41 PM,10-14-2023 02:16 AM,0,Torre,1,0 x 0,Connected Data Service <3000.e5kr>,0,0,,,Connected Data Service <3000.e5kr>,Torre_S1,1,Torre,,0
933,Torre,TH - C3.1,TH - C3.1,320,3,3,0,3,3,0,3,3,0,07-12-2022 12:41 PM,10-14-2023 02:16 AM,0,Torre,3,0 x 0,Connected Data Service <3000.e5kr>,0,0,,,Connected Data Service <3000.e5kr>,Torre_TH - C3.1,3,Torre,,0
941,Torre,TH - D3,TH - D3,328,4,4,0,4,4,0,4,4,0,07-12-2022 12:41 PM,10-14-2023 02:16 AM,0,Torre,4,0 x 0,Connected Data Service <3000.e5kr>,0,0,,,Connected Data Service <3000.e5kr>,Torre_TH - D3,4,Torre,,0
