Related Batch Processing,Status,Notes,Documents Processed,Start,End,Run Duration,Document Generation - Name,Date Created,Date Modified,Record ID#,Record Owner,Last Modified By
1,Completed,Documents Generated Successfully.,18,11-15-2021 12:08 PM,11-15-2021 12:10 PM,2 mins,Bulk Generate WPO,11-15-2021 11:10 AM,11-15-2021 11:10 AM,1,JT Bailey <62477437.bhmt>,JT Bailey <62477437.bhmt>
1,Completed,Documents Generated Successfully.,18,11-15-2021 12:57 PM,11-15-2021 12:59 PM,2 mins,Bulk Generate WPO,11-15-2021 11:59 AM,11-15-2021 11:59 AM,2,JT Bailey <62477437.bhmt>,JT Bailey <62477437.bhmt>
1,Completed,Documents Generated Successfully.,18,11-15-2021 01:01 PM,11-15-2021 01:04 PM,3 mins,Bulk Generate WPO,11-15-2021 12:04 PM,11-15-2021 12:04 PM,3,JT Bailey <62477437.bhmt>,JT Bailey <62477437.bhmt>
1,Completed,Documents Generated Successfully.,18,11-15-2021 10:26 PM,11-15-2021 10:28 PM,2 mins,Bulk Generate WPO,11-15-2021 09:28 PM,11-15-2021 09:28 PM,4,JT Bailey <62477437.bhmt>,JT Bailey <62477437.bhmt>
1,Completed,Documents Generated Successfully.,18,11-16-2021 08:00 AM,11-16-2021 08:02 AM,2 mins,Bulk Generate WPO,11-16-2021 07:02 AM,11-16-2021 07:02 AM,5,JT Bailey <62477437.bhmt>,JT Bailey <62477437.bhmt>
1,Completed,Documents Generated Successfully.,18,11-17-2021 08:01 AM,11-17-2021 08:03 AM,2 mins,Bulk Generate WPO,11-17-2021 07:03 AM,11-17-2021 07:03 AM,6,JT Bailey <62477437.bhmt>,JT Bailey <62477437.bhmt>
1,Completed,Documents Generated Successfully.,18,11-22-2021 12:16 PM,11-22-2021 12:19 PM,3 mins,Bulk Generate WPO,11-22-2021 11:19 AM,11-22-2021 11:19 AM,7,JT Bailey <62477437.bhmt>,JT Bailey <62477437.bhmt>
1,Completed,Documents Generated Successfully.,18,11-22-2021 01:03 PM,11-22-2021 01:05 PM,2 mins,Bulk Generate WPO,11-22-2021 12:05 PM,11-22-2021 12:05 PM,8,JT Bailey <62477437.bhmt>,JT Bailey <62477437.bhmt>
1,Completed,Documents Generated Successfully.,18,11-22-2021 01:57 PM,11-22-2021 02:00 PM,3 mins,Bulk Generate WPO,11-22-2021 01:00 PM,11-22-2021 01:00 PM,9,JT Bailey <62477437.bhmt>,JT Bailey <62477437.bhmt>
1,Completed,Documents Generated Successfully.,18,11-23-2021 08:01 AM,11-23-2021 08:03 AM,2 mins,Bulk Generate WPO,11-23-2021 07:03 AM,11-23-2021 07:03 AM,10,JT Bailey <62477437.bhmt>,JT Bailey <62477437.bhmt>
1,Completed,Documents Generated Successfully.,18,11-24-2021 08:00 AM,11-24-2021 08:02 AM,2 mins,Bulk Generate WPO,11-24-2021 07:02 AM,11-24-2021 07:02 AM,11,JT Bailey <62477437.bhmt>,JT Bailey <62477437.bhmt>
1,Completed,Documents Generated Successfully.,18,11-25-2021 08:00 AM,11-25-2021 08:02 AM,2 mins,Bulk Generate WPO,11-25-2021 07:02 AM,11-25-2021 07:02 AM,12,JT Bailey <62477437.bhmt>,JT Bailey <62477437.bhmt>
1,Completed,Documents Generated Successfully.,18,11-26-2021 08:01 AM,11-26-2021 08:03 AM,2 mins,Bulk Generate WPO,11-26-2021 07:03 AM,11-26-2021 07:03 AM,13,JT Bailey <62477437.bhmt>,JT Bailey <62477437.bhmt>
1,Completed,Documents Generated Successfully.,18,11-27-2021 08:00 AM,11-27-2021 08:02 AM,2 mins,Bulk Generate WPO,11-27-2021 07:02 AM,11-27-2021 07:02 AM,14,JT Bailey <62477437.bhmt>,JT Bailey <62477437.bhmt>
1,Completed,Documents Generated Successfully.,18,11-28-2021 08:00 AM,11-28-2021 08:02 AM,2 mins,Bulk Generate WPO,11-28-2021 07:02 AM,11-28-2021 07:02 AM,15,JT Bailey <62477437.bhmt>,JT Bailey <62477437.bhmt>
1,Completed,Documents Generated Successfully.,18,11-29-2021 08:01 AM,11-29-2021 08:03 AM,2 mins,Bulk Generate WPO,11-29-2021 07:03 AM,11-29-2021 07:03 AM,16,JT Bailey <62477437.bhmt>,JT Bailey <62477437.bhmt>
1,Completed,Documents Generated Successfully.,18,11-30-2021 08:00 AM,11-30-2021 08:02 AM,2 mins,Bulk Generate WPO,11-30-2021 07:02 AM,11-30-2021 07:02 AM,17,JT Bailey <62477437.bhmt>,JT Bailey <62477437.bhmt>
1,Completed,Documents Generated Successfully.,18,12-01-2021 08:00 AM,12-01-2021 08:02 AM,2 mins,Bulk Generate WPO,12-01-2021 07:02 AM,12-01-2021 07:02 AM,18,JT Bailey <62477437.bhmt>,JT Bailey <62477437.bhmt>
1,Completed,Documents Generated Successfully.,18,12-02-2021 08:00 AM,12-02-2021 08:02 AM,2 mins,Bulk Generate WPO,12-02-2021 07:02 AM,12-02-2021 07:02 AM,19,JT Bailey <62477437.bhmt>,JT Bailey <62477437.bhmt>
1,Completed,Documents Generated Successfully.,18,12-03-2021 08:00 AM,12-03-2021 08:02 AM,2 mins,Bulk Generate WPO,12-03-2021 07:02 AM,12-03-2021 07:02 AM,20,JT Bailey <62477437.bhmt>,JT Bailey <62477437.bhmt>
1,Completed,Documents Generated Successfully.,18,12-04-2021 08:00 AM,12-04-2021 08:02 AM,2 mins,Bulk Generate WPO,12-04-2021 07:02 AM,12-04-2021 07:02 AM,21,JT Bailey <62477437.bhmt>,JT Bailey <62477437.bhmt>
1,Completed,Documents Generated Successfully.,18,12-05-2021 08:00 AM,12-05-2021 08:02 AM,2 mins,Bulk Generate WPO,12-05-2021 07:02 AM,12-05-2021 07:02 AM,22,JT Bailey <62477437.bhmt>,JT Bailey <62477437.bhmt>
1,Completed,Documents Generated Successfully.,18,12-05-2021 10:39 PM,12-05-2021 10:41 PM,2 mins,Bulk Generate WPO,12-05-2021 09:41 PM,12-05-2021 09:41 PM,23,JT Bailey <62477437.bhmt>,JT Bailey <62477437.bhmt>
1,Completed,Documents Generated Successfully.,18,12-06-2021 12:20 AM,12-06-2021 12:22 AM,2 mins,Bulk Generate WPO,12-05-2021 11:22 PM,12-05-2021 11:22 PM,24,JT Bailey <62477437.bhmt>,JT Bailey <62477437.bhmt>
1,Completed,Documents Generated Successfully.,18,12-06-2021 08:00 AM,12-06-2021 08:02 AM,2 mins,Bulk Generate WPO,12-06-2021 07:02 AM,12-06-2021 07:02 AM,25,JT Bailey <62477437.bhmt>,JT Bailey <62477437.bhmt>
1,Completed,Documents Generated Successfully.,18,12-06-2021 01:01 PM,12-06-2021 01:04 PM,3 mins,Bulk Generate WPO,12-06-2021 12:04 PM,12-06-2021 12:04 PM,26,JT Bailey <62477437.bhmt>,JT Bailey <62477437.bhmt>
1,Completed,Documents Generated Successfully.,19,12-07-2021 08:00 AM,12-07-2021 08:03 AM,3 mins,Bulk Generate WPO,12-07-2021 07:03 AM,12-07-2021 07:03 AM,27,JT Bailey <62477437.bhmt>,JT Bailey <62477437.bhmt>
1,Completed,Documents Generated Successfully.,19,12-08-2021 08:00 AM,12-08-2021 08:04 AM,4 mins,Bulk Generate WPO,12-08-2021 07:04 AM,12-08-2021 07:04 AM,28,JT Bailey <62477437.bhmt>,JT Bailey <62477437.bhmt>
1,Completed,Documents Generated Successfully.,19,12-09-2021 08:00 AM,12-09-2021 08:04 AM,4 mins,Bulk Generate WPO,12-09-2021 07:04 AM,12-09-2021 07:04 AM,29,JT Bailey <62477437.bhmt>,JT Bailey <62477437.bhmt>
1,Completed,Documents Generated Successfully.,19,12-10-2021 08:00 AM,12-10-2021 08:03 AM,3 mins,Bulk Generate WPO,12-10-2021 07:03 AM,12-10-2021 07:03 AM,30,JT Bailey <62477437.bhmt>,JT Bailey <62477437.bhmt>
1,Completed,Documents Generated Successfully.,19,12-11-2021 08:00 AM,12-11-2021 08:03 AM,3 mins,Bulk Generate WPO,12-11-2021 07:03 AM,12-11-2021 07:03 AM,31,JT Bailey <62477437.bhmt>,JT Bailey <62477437.bhmt>
1,Completed,Documents Generated Successfully.,19,12-12-2021 08:00 AM,12-12-2021 08:03 AM,3 mins,Bulk Generate WPO,12-12-2021 07:03 AM,12-12-2021 07:03 AM,32,JT Bailey <62477437.bhmt>,JT Bailey <62477437.bhmt>
1,Completed,Documents Generated Successfully.,19,12-13-2021 08:00 AM,12-13-2021 08:03 AM,3 mins,Bulk Generate WPO,12-13-2021 07:03 AM,12-13-2021 07:03 AM,33,JT Bailey <62477437.bhmt>,JT Bailey <62477437.bhmt>
1,Completed,Documents Generated Successfully.,19,12-14-2021 08:00 AM,12-14-2021 08:03 AM,3 mins,Bulk Generate WPO,12-14-2021 07:03 AM,12-14-2021 07:03 AM,34,JT Bailey <62477437.bhmt>,JT Bailey <62477437.bhmt>
1,Completed,Documents Generated Successfully.,19,12-14-2021 09:37 AM,12-14-2021 09:41 AM,4 mins,Bulk Generate WPO,12-14-2021 08:41 AM,12-14-2021 08:41 AM,35,JT Bailey <62477437.bhmt>,JT Bailey <62477437.bhmt>
1,Completed,Documents Generated Successfully.,19,12-15-2021 08:00 AM,12-15-2021 08:03 AM,3 mins,Bulk Generate WPO,12-15-2021 07:03 AM,12-15-2021 07:03 AM,36,JT Bailey <62477437.bhmt>,JT Bailey <62477437.bhmt>
1,Completed,Documents Generated Successfully.,19,12-16-2021 08:00 AM,12-16-2021 08:04 AM,4 mins,Bulk Generate WPO,12-16-2021 07:04 AM,12-16-2021 07:04 AM,37,JT Bailey <62477437.bhmt>,JT Bailey <62477437.bhmt>
1,Completed,Documents Generated Successfully.,19,12-17-2021 08:00 AM,12-17-2021 08:03 AM,3 mins,Bulk Generate WPO,12-17-2021 07:03 AM,12-17-2021 07:03 AM,38,JT Bailey <62477437.bhmt>,JT Bailey <62477437.bhmt>
1,Completed,Documents Generated Successfully.,19,12-18-2021 08:00 AM,12-18-2021 08:03 AM,3 mins,Bulk Generate WPO,12-18-2021 07:03 AM,12-18-2021 07:03 AM,39,JT Bailey <62477437.bhmt>,JT Bailey <62477437.bhmt>
1,Completed,Documents Generated Successfully.,19,12-19-2021 08:00 AM,12-19-2021 08:03 AM,3 mins,Bulk Generate WPO,12-19-2021 07:03 AM,12-19-2021 07:03 AM,40,JT Bailey <62477437.bhmt>,JT Bailey <62477437.bhmt>
1,Completed,Documents Generated Successfully.,19,12-20-2021 08:00 AM,12-20-2021 08:03 AM,3 mins,Bulk Generate WPO,12-20-2021 07:03 AM,12-20-2021 07:03 AM,41,JT Bailey <62477437.bhmt>,JT Bailey <62477437.bhmt>
1,Completed,Documents Generated Successfully.,19,12-21-2021 08:04 AM,12-21-2021 08:07 AM,3 mins,Bulk Generate WPO,12-21-2021 07:07 AM,12-21-2021 07:07 AM,42,JT Bailey <62477437.bhmt>,JT Bailey <62477437.bhmt>
1,Completed,Documents Generated Successfully.,19,12-22-2021 08:00 AM,12-22-2021 08:04 AM,4 mins,Bulk Generate WPO,12-22-2021 07:04 AM,12-22-2021 07:04 AM,43,JT Bailey <62477437.bhmt>,JT Bailey <62477437.bhmt>
1,Completed,Documents Generated Successfully.,19,12-23-2021 08:00 AM,12-23-2021 08:03 AM,3 mins,Bulk Generate WPO,12-23-2021 07:03 AM,12-23-2021 07:03 AM,44,JT Bailey <62477437.bhmt>,JT Bailey <62477437.bhmt>
1,Completed,Documents Generated Successfully.,19,12-24-2021 08:00 AM,12-24-2021 08:03 AM,3 mins,Bulk Generate WPO,12-24-2021 07:03 AM,12-24-2021 07:03 AM,45,JT Bailey <62477437.bhmt>,JT Bailey <62477437.bhmt>
1,Completed,Documents Generated Successfully.,19,12-25-2021 08:00 AM,12-25-2021 08:03 AM,3 mins,Bulk Generate WPO,12-25-2021 07:03 AM,12-25-2021 07:03 AM,46,JT Bailey <62477437.bhmt>,JT Bailey <62477437.bhmt>
1,Completed,Documents Generated Successfully.,19,12-26-2021 08:00 AM,12-26-2021 08:03 AM,3 mins,Bulk Generate WPO,12-26-2021 07:03 AM,12-26-2021 07:03 AM,47,JT Bailey <62477437.bhmt>,JT Bailey <62477437.bhmt>
1,Completed,Documents Generated Successfully.,19,12-27-2021 08:00 AM,12-27-2021 08:03 AM,3 mins,Bulk Generate WPO,12-27-2021 07:03 AM,12-27-2021 07:03 AM,48,JT Bailey <62477437.bhmt>,JT Bailey <62477437.bhmt>
1,Completed,Documents Generated Successfully.,19,12-28-2021 08:00 AM,12-28-2021 08:03 AM,3 mins,Bulk Generate WPO,12-28-2021 07:03 AM,12-28-2021 07:03 AM,49,JT Bailey <62477437.bhmt>,JT Bailey <62477437.bhmt>
1,Completed,Documents Generated Successfully.,19,12-29-2021 08:00 AM,12-29-2021 08:03 AM,3 mins,Bulk Generate WPO,12-29-2021 07:03 AM,12-29-2021 07:03 AM,50,JT Bailey <62477437.bhmt>,JT Bailey <62477437.bhmt>
1,Completed,Documents Generated Successfully.,19,12-30-2021 08:00 AM,12-30-2021 08:03 AM,3 mins,Bulk Generate WPO,12-30-2021 07:03 AM,12-30-2021 07:03 AM,51,JT Bailey <62477437.bhmt>,JT Bailey <62477437.bhmt>
1,Completed,Documents Generated Successfully.,19,12-31-2021 08:00 AM,12-31-2021 08:03 AM,3 mins,Bulk Generate WPO,12-31-2021 07:03 AM,12-31-2021 07:03 AM,52,JT Bailey <62477437.bhmt>,JT Bailey <62477437.bhmt>
1,Completed,Documents Generated Successfully.,19,01-01-2022 08:00 AM,01-01-2022 08:03 AM,3 mins,Bulk Generate WPO,01-01-2022 07:03 AM,01-01-2022 07:03 AM,53,JT Bailey <62477437.bhmt>,JT Bailey <62477437.bhmt>
1,Completed,Documents Generated Successfully.,19,01-02-2022 08:00 AM,01-02-2022 08:03 AM,3 mins,Bulk Generate WPO,01-02-2022 07:03 AM,01-02-2022 07:03 AM,54,JT Bailey <62477437.bhmt>,JT Bailey <62477437.bhmt>
1,Completed,Documents Generated Successfully.,19,01-03-2022 08:00 AM,01-03-2022 08:03 AM,3 mins,Bulk Generate WPO,01-03-2022 07:03 AM,01-03-2022 07:03 AM,55,JT Bailey <62477437.bhmt>,JT Bailey <62477437.bhmt>
1,Completed,Documents Generated Successfully.,19,01-04-2022 08:00 AM,01-04-2022 08:03 AM,3 mins,Bulk Generate WPO,01-04-2022 07:03 AM,01-04-2022 07:03 AM,56,JT Bailey <62477437.bhmt>,JT Bailey <62477437.bhmt>
1,Completed,Documents Generated Successfully.,19,01-05-2022 08:00 AM,01-05-2022 08:03 AM,3 mins,Bulk Generate WPO,01-05-2022 07:03 AM,01-05-2022 07:03 AM,57,JT Bailey <62477437.bhmt>,JT Bailey <62477437.bhmt>
1,Completed,Documents Generated Successfully.,19,01-06-2022 08:00 AM,01-06-2022 08:03 AM,3 mins,Bulk Generate WPO,01-06-2022 07:03 AM,01-06-2022 07:03 AM,58,JT Bailey <62477437.bhmt>,JT Bailey <62477437.bhmt>
1,Completed,Documents Generated Successfully.,19,01-07-2022 08:00 AM,01-07-2022 08:03 AM,3 mins,Bulk Generate WPO,01-07-2022 07:03 AM,01-07-2022 07:03 AM,59,JT Bailey <62477437.bhmt>,JT Bailey <62477437.bhmt>
1,Completed,Documents Generated Successfully.,19,01-08-2022 08:00 AM,01-08-2022 08:03 AM,3 mins,Bulk Generate WPO,01-08-2022 07:03 AM,01-08-2022 07:03 AM,60,JT Bailey <62477437.bhmt>,JT Bailey <62477437.bhmt>
1,Completed,Documents Generated Successfully.,19,01-09-2022 08:00 AM,01-09-2022 08:03 AM,3 mins,Bulk Generate WPO,01-09-2022 07:03 AM,01-09-2022 07:03 AM,61,JT Bailey <62477437.bhmt>,JT Bailey <62477437.bhmt>
1,Completed,Documents Generated Successfully.,19,01-10-2022 08:00 AM,01-10-2022 08:04 AM,4 mins,Bulk Generate WPO,01-10-2022 07:04 AM,01-10-2022 07:04 AM,62,JT Bailey <62477437.bhmt>,JT Bailey <62477437.bhmt>
1,Completed,Documents Generated Successfully.,19,01-11-2022 08:00 AM,01-11-2022 08:04 AM,4 mins,Bulk Generate WPO,01-11-2022 07:04 AM,01-11-2022 07:04 AM,63,JT Bailey <62477437.bhmt>,JT Bailey <62477437.bhmt>
1,Completed,Documents Generated Successfully.,19,01-12-2022 08:00 AM,01-12-2022 08:03 AM,3 mins,Bulk Generate WPO,01-12-2022 07:03 AM,01-12-2022 07:03 AM,64,JT Bailey <62477437.bhmt>,JT Bailey <62477437.bhmt>
1,Completed,Documents Generated Successfully.,19,01-13-2022 08:00 AM,01-13-2022 08:04 AM,4 mins,Bulk Generate WPO,01-13-2022 07:04 AM,01-13-2022 07:04 AM,65,JT Bailey <62477437.bhmt>,JT Bailey <62477437.bhmt>
1,Completed,Documents Generated Successfully.,19,01-14-2022 08:00 AM,01-14-2022 08:03 AM,3 mins,Bulk Generate WPO,01-14-2022 07:03 AM,01-14-2022 07:03 AM,66,JT Bailey <62477437.bhmt>,JT Bailey <62477437.bhmt>
1,Completed,Documents Generated Successfully.,19,01-15-2022 08:00 AM,01-15-2022 08:03 AM,3 mins,Bulk Generate WPO,01-15-2022 07:03 AM,01-15-2022 07:03 AM,67,JT Bailey <62477437.bhmt>,JT Bailey <62477437.bhmt>
1,Completed,Documents Generated Successfully.,19,01-16-2022 08:00 AM,01-16-2022 08:03 AM,3 mins,Bulk Generate WPO,01-16-2022 07:03 AM,01-16-2022 07:03 AM,68,JT Bailey <62477437.bhmt>,JT Bailey <62477437.bhmt>
1,Completed,Documents Generated Successfully.,19,01-17-2022 08:00 AM,01-17-2022 08:03 AM,3 mins,Bulk Generate WPO,01-17-2022 07:03 AM,01-17-2022 07:03 AM,69,JT Bailey <62477437.bhmt>,JT Bailey <62477437.bhmt>
1,Completed,Documents Generated Successfully.,19,01-18-2022 08:00 AM,01-18-2022 08:04 AM,4 mins,Bulk Generate WPO,01-18-2022 07:04 AM,01-18-2022 07:04 AM,70,JT Bailey <62477437.bhmt>,JT Bailey <62477437.bhmt>
1,Completed,Documents Generated Successfully.,19,01-19-2022 08:00 AM,01-19-2022 08:03 AM,3 mins,Bulk Generate WPO,01-19-2022 07:03 AM,01-19-2022 07:03 AM,71,JT Bailey <62477437.bhmt>,JT Bailey <62477437.bhmt>
1,Completed,Documents Generated Successfully.,19,01-20-2022 08:00 AM,01-20-2022 08:03 AM,3 mins,Bulk Generate WPO,01-20-2022 07:03 AM,01-20-2022 07:03 AM,72,JT Bailey <62477437.bhmt>,JT Bailey <62477437.bhmt>
1,Completed,Documents Generated Successfully.,19,01-21-2022 08:00 AM,01-21-2022 08:03 AM,3 mins,Bulk Generate WPO,01-21-2022 07:03 AM,01-21-2022 07:03 AM,73,JT Bailey <62477437.bhmt>,JT Bailey <62477437.bhmt>
1,Completed,Documents Generated Successfully.,19,01-22-2022 08:00 AM,01-22-2022 08:04 AM,4 mins,Bulk Generate WPO,01-22-2022 07:04 AM,01-22-2022 07:04 AM,74,JT Bailey <62477437.bhmt>,JT Bailey <62477437.bhmt>
1,Completed,Documents Generated Successfully.,19,01-23-2022 08:00 AM,01-23-2022 08:04 AM,4 mins,Bulk Generate WPO,01-23-2022 07:04 AM,01-23-2022 07:04 AM,75,JT Bailey <62477437.bhmt>,JT Bailey <62477437.bhmt>
1,Completed,Documents Generated Successfully.,19,01-24-2022 08:00 AM,01-24-2022 08:04 AM,4 mins,Bulk Generate WPO,01-24-2022 07:04 AM,01-24-2022 07:04 AM,76,JT Bailey <62477437.bhmt>,JT Bailey <62477437.bhmt>
1,Completed,Documents Generated Successfully.,19,01-25-2022 08:00 AM,01-25-2022 08:04 AM,4 mins,Bulk Generate WPO,01-25-2022 07:04 AM,01-25-2022 07:04 AM,77,JT Bailey <62477437.bhmt>,JT Bailey <62477437.bhmt>
1,Completed,Documents Generated Successfully.,19,01-26-2022 08:00 AM,01-26-2022 08:09 AM,9 mins,Bulk Generate WPO,01-26-2022 07:09 AM,01-26-2022 07:09 AM,78,JT Bailey <62477437.bhmt>,JT Bailey <62477437.bhmt>
1,Completed,Documents Generated Successfully.,19,01-27-2022 08:00 AM,01-27-2022 08:04 AM,4 mins,Bulk Generate WPO,01-27-2022 07:04 AM,01-27-2022 07:04 AM,79,JT Bailey <62477437.bhmt>,JT Bailey <62477437.bhmt>
1,Completed,Documents Generated Successfully.,19,01-28-2022 08:00 AM,01-28-2022 08:04 AM,4 mins,Bulk Generate WPO,01-28-2022 07:04 AM,01-28-2022 07:04 AM,80,JT Bailey <62477437.bhmt>,JT Bailey <62477437.bhmt>
1,Completed,Documents Generated Successfully.,19,01-29-2022 08:00 AM,01-29-2022 08:03 AM,3 mins,Bulk Generate WPO,01-29-2022 07:03 AM,01-29-2022 07:03 AM,81,JT Bailey <62477437.bhmt>,JT Bailey <62477437.bhmt>
1,Completed,Documents Generated Successfully.,19,01-30-2022 08:00 AM,01-30-2022 08:03 AM,3 mins,Bulk Generate WPO,01-30-2022 07:03 AM,01-30-2022 07:03 AM,82,JT Bailey <62477437.bhmt>,JT Bailey <62477437.bhmt>
1,Completed,Documents Generated Successfully.,19,01-31-2022 08:00 AM,01-31-2022 08:04 AM,4 mins,Bulk Generate WPO,01-31-2022 07:04 AM,01-31-2022 07:04 AM,83,JT Bailey <62477437.bhmt>,JT Bailey <62477437.bhmt>
1,Completed,Documents Generated Successfully.,19,02-01-2022 08:00 AM,02-01-2022 08:04 AM,4 mins,Bulk Generate WPO,02-01-2022 07:04 AM,02-01-2022 07:04 AM,84,JT Bailey <62477437.bhmt>,JT Bailey <62477437.bhmt>
1,Completed,Documents Generated Successfully.,19,02-02-2022 08:00 AM,02-02-2022 08:04 AM,4 mins,Bulk Generate WPO,02-02-2022 07:04 AM,02-02-2022 07:04 AM,85,JT Bailey <62477437.bhmt>,JT Bailey <62477437.bhmt>
1,Completed,Documents Generated Successfully.,19,02-03-2022 08:00 AM,02-03-2022 08:04 AM,4 mins,Bulk Generate WPO,02-03-2022 07:04 AM,02-03-2022 07:04 AM,86,JT Bailey <62477437.bhmt>,JT Bailey <62477437.bhmt>
1,Completed,Documents Generated Successfully.,19,02-04-2022 08:00 AM,02-04-2022 08:04 AM,4 mins,Bulk Generate WPO,02-04-2022 07:04 AM,02-04-2022 07:04 AM,87,JT Bailey <62477437.bhmt>,JT Bailey <62477437.bhmt>
1,Completed,Documents Generated Successfully.,19,02-05-2022 08:00 AM,02-05-2022 08:04 AM,4 mins,Bulk Generate WPO,02-05-2022 07:04 AM,02-05-2022 07:04 AM,88,JT Bailey <62477437.bhmt>,JT Bailey <62477437.bhmt>
1,Completed,Documents Generated Successfully.,19,02-06-2022 08:00 AM,02-06-2022 08:04 AM,4 mins,Bulk Generate WPO,02-06-2022 07:04 AM,02-06-2022 07:04 AM,89,JT Bailey <62477437.bhmt>,JT Bailey <62477437.bhmt>
1,Completed,Documents Generated Successfully.,19,02-07-2022 08:00 AM,02-07-2022 08:04 AM,4 mins,Bulk Generate WPO,02-07-2022 07:04 AM,02-07-2022 07:04 AM,90,JT Bailey <62477437.bhmt>,JT Bailey <62477437.bhmt>
